,artist_name,track_name,track_id,popularity,year,genre,danceability,energy,key,loudness,mode,speechiness,acousticness,instrumentalness,liveness,valence,tempo,duration_ms,time_signature,followers,popularity_artist_2025,image_url_artist,explicit,song_popularity_2025
0,Miley Cyrus,Flowers,0yLdNVWF3Srea0uzk55zFn,100,2023,pop,0.707,0.681,0,-4.325,1,0.0668,0.0632,5.15e-06,0.0322,0.646,117.999,200455,4,26558356,81,https://i.scdn.co/image/ab6761610000e5ebf4cccd14ec026038d713e353,,
1,Bizarrap,"Shakira: Bzrp Music Sessions, Vol. 53",4nrPB8O7Y7wsOCJdgXkthe,96,2023,hip-hop,0.778,0.632,2,-5.6,0,0.0493,0.274,0.0,0.0915,0.498,122.104,218289,4,18188680,76,https://i.scdn.co/image/ab6761610000e5eb14add0d3419426b84158b913,False,75
2,The Weeknd,Die For You - Remix,7oDd86yk8itslrA9HRP2ki,95,2023,pop,0.531,0.525,1,-6.5,0,0.0671,0.232,0.0,0.441,0.502,66.9,232857,4,112918137,93,https://i.scdn.co/image/ab6761610000e5eb9e528993a2820267b97f6aae,False,72
3,SZA,Kill Bill,1Qrg8KqiBpW07V7PNxwwwL,94,2022,pop,0.644,0.735,8,-5.747,1,0.0391,0.0521,0.144,0.161,0.418,88.98,153947,4,33029522,87,https://i.scdn.co/image/ab6761610000e5ebfd0a9fb6c252a3ba44079acf,False,81
4,Manuel Turizo,La Bachata,5ww2BF9slyYgNOk37BlC4u,93,2022,pop,0.835,0.679,7,-5.329,0,0.0364,0.583,1.98e-06,0.218,0.85,124.98,162638,4,15711025,81,https://i.scdn.co/image/ab6761610000e5eb2f816f43fda2903966d58bb9,False,77
5,David Guetta,I'm Good (Blue),4uUG5RXrOk84mYEfFvj3cK,93,2022,dance,0.561,0.965,7,-3.673,0,0.0343,0.00383,7.07e-06,0.371,0.304,128.04,175238,4,27139342,87,https://i.scdn.co/image/ab6761610000e5ebf150017ca69c8793503c2d4f,True,84
6,Rema,Calm Down (with Selena Gomez),0WtM2NBVQNNJLh6scP13H8,93,2022,pop,0.801,0.806,11,-5.206,1,0.0381,0.382,0.000669,0.114,0.802,106.999,239318,4,8652401,76,https://i.scdn.co/image/ab6761610000e5ebcd9d661b6955241f33ef8a0a,False,79
7,NewJeans,OMG,65FftemJ1DbbZ45DUfHJXE,92,2023,k-pop,0.804,0.771,9,-4.067,0,0.0433,0.357,3.07e-06,0.108,0.739,126.956,212253,4,11604181,77,https://i.scdn.co/image/ab6761610000e5eb80668ba2b15094d083780ea9,False,78
8,Bizarrap,"Quevedo: Bzrp Music Sessions, Vol. 52",2tTmW7RDtMQtBk7m2rYeSw,92,2022,hip-hop,0.621,0.782,2,-5.548,1,0.044,0.0125,0.033,0.23,0.55,128.033,198938,4,18188680,76,https://i.scdn.co/image/ab6761610000e5eb14add0d3419426b84158b913,False,80
9,d4vd,Here With Me,78Sw5GDo6AlGwTwanjXbGh,92,2022,pop,0.574,0.469,4,-8.209,1,0.0254,0.534,9.21e-05,0.128,0.288,132.023,242485,4,4681304,79,https://i.scdn.co/image/ab6761610000e5ebee632cde061121a5fe48c1d6,False,4
10,Sam Smith,Unholy (feat. Kim Petras),3nqQXoyQOWXiESFLlDF1hG,92,2022,pop,0.714,0.472,2,-7.375,1,0.0864,0.013,4.51e-06,0.266,0.238,131.121,156943,4,26272346,81,https://i.scdn.co/image/ab6761610000e5eb3262e01b79152c4f8007f3ac,False,77
11,Taylor Swift,Anti-Hero,0V3wPSX9ygBnCm8psDIegu,92,2022,pop,0.637,0.643,4,-6.571,1,0.0519,0.13,1.8e-06,0.142,0.533,97.008,200690,4,145396321,100,https://i.scdn.co/image/ab6761610000e5ebe2e8e7ff002a4afda1c7147e,False,79
12,Arctic Monkeys,I Wanna Be Yours,5XeFesFbtLpXzIVDNQP22n,91,2013,garage,0.464,0.417,0,-9.345,0,0.0256,0.136,0.022,0.0974,0.479,67.528,183956,4,32059138,84,https://i.scdn.co/image/ab6761610000e5eb7da39dea0a72f581535fb11f,False,91
13,OneRepublic,I Ain't Worried,4h9wh7iOZ0GGn8QVp4RAOB,91,2022,piano,0.704,0.797,0,-5.927,1,0.0475,0.0826,0.000745,0.0546,0.825,139.994,148486,4,18700851,81,https://i.scdn.co/image/ab6761610000e5eb587687df50a967731901fcc2,False,81
14,Yandel,Yandel 150,2oiixB9QMIzhWaHGVlQx4g,91,2022,hip-hop,0.783,0.729,6,-3.549,0,0.0691,0.0492,0.000272,0.1,0.58,167.968,216148,4,8815961,76,https://i.scdn.co/image/ab6761610000e5ebd9b43435c8221a8fe178f65c,True,69
15,Natanael Cano,AMG,1lRtH4FszTrwwlK5gTSbXO,91,2022,sad,0.772,0.73,11,-6.657,0,0.0972,0.152,0.000107,0.274,0.786,136.175,174943,3,21464739,84,https://i.scdn.co/image/ab6761610000e5eb0d4838ef7ef6c0f889266f60,True,69
16,Stephen Sanchez,Until I Found You (with Em Beihold) - Em Beihold Version,1Y3LN4zO1Edc2EluIoSPJN,91,2022,pop,0.551,0.55,10,-5.339,1,0.0286,0.777,0.0,0.202,0.342,101.19,176440,3,1873452,71,https://i.scdn.co/image/ab6761610000e5eb1e97fce6fa6fc4ebc3ebda25,False,78
17,Harry Styles,As It Was,4LRPiXqCikLlN15c3yImP7,90,2022,pop,0.52,0.731,6,-5.338,0,0.0557,0.342,0.00101,0.311,0.662,173.93,167303,4,34130771,80,https://i.scdn.co/image/ab6761610000e5ebf7db7c8ede90a019c54590bb,False,13
18,RAYE,Escapism.,5Z2MiIZ5I3jJvvmeWMLbOQ,90,2022,dance,0.538,0.742,2,-5.355,1,0.114,0.138,4.67e-05,0.0934,0.25,96.107,272373,4,2848210,81,https://i.scdn.co/image/ab6761610000e5ebde2e2ac1d53fdf9518354798,True,5
19,Drake,Rich Flex,1bDbXMyjaUIooNwFE9wn0N,90,2022,hip-hop,0.561,0.52,11,-9.342,0,0.244,0.0503,1.86e-06,0.355,0.424,153.15,239360,3,103039388,95,https://i.scdn.co/image/ab6761610000e5eb4293385d324db8558179afd9,True,75
20,Chris Brown,Under The Influence,5IgjP7X4th6nMNDh4akUHb,90,2019,dance,0.733,0.69,9,-5.529,0,0.0427,0.0635,1.18e-06,0.105,0.31,116.992,184613,4,28305692,87,https://i.scdn.co/image/ab6761610000e5eba48397e590a1c70e2cda7728,True,83
21,d4vd,Romantic Homicide,1xK59OXxi2TAAAbmZK0kBL,90,2022,pop,0.571,0.544,6,-10.613,1,0.0299,0.453,0.00805,0.322,0.216,132.052,132631,4,4681304,79,https://i.scdn.co/image/ab6761610000e5ebee632cde061121a5fe48c1d6,False,87
22,Ozuna,Hey Mor,1zsPaEkglFvxjAhrM8yhpr,90,2022,pop,0.901,0.589,1,-6.713,0,0.289,0.00302,0.000237,0.0992,0.399,98.002,196600,4,39368001,85,https://i.scdn.co/image/ab6761610000e5eb463e10d5f1a533ddd6eb9a04,False,77
23,SZA,Snooze,4iZ4pt7kvcaH6Yo8UoZ4s2,90,2022,pop,0.559,0.551,5,-7.231,1,0.132,0.141,0.0,0.11,0.392,143.008,201800,4,33029522,87,https://i.scdn.co/image/ab6761610000e5ebfd0a9fb6c252a3ba44079acf,True,85
24,Eminem,Mockingbird,561jH07mF1jHuk7KlaeF0s,90,2004,hip-hop,0.637,0.678,0,-3.798,1,0.266,0.209,0.0,0.156,0.254,84.039,250760,4,104517308,88,https://i.scdn.co/image/ab6761610000e5eba00b11c129b27a88fc72f36b,True,85
25,Peso Pluma,PRC,2mpoNBkngUEwnaKoBhZ0vl,90,2023,sad,0.784,0.826,7,-6.34,0,0.0538,0.0965,7.09e-05,0.123,0.893,138.078,184066,3,23945513,86,https://i.scdn.co/image/ab6761610000e5ebe5283f5b671cf618b82a2696,True,69
26,The Weeknd,Blinding Lights,0VjIjW4GlUZAMYd2vXMi3b,90,2020,pop,0.514,0.73,1,-5.934,1,0.0598,0.00146,9.54e-05,0.0897,0.334,171.005,200040,4,112918137,93,https://i.scdn.co/image/ab6761610000e5eb9e528993a2820267b97f6aae,False,89
27,NewJeans,Ditto,3r8RuvgbX9s7ammBn07D3W,90,2022,k-pop,0.814,0.641,6,-5.957,0,0.111,0.027,0.0,0.0993,0.183,133.854,185507,4,11604181,77,https://i.scdn.co/image/ab6761610000e5eb80668ba2b15094d083780ea9,False,79
28,Meghan Trainor,Made You Look,0QHEIqNKsMoOY5urbzN48u,89,2022,dance,0.838,0.525,10,-3.562,1,0.0665,0.345,1.92e-06,0.0771,0.884,144.981,134256,4,15744271,73,https://i.scdn.co/image/ab6761610000e5eb365984489dac7a79eac204e3,False,73
29,Beyoncé,CUFF IT,1xzi1Jcr7mEi9K2RfzLOqS,89,2022,dance,0.78,0.689,7,-5.668,1,0.141,0.0368,9.69e-06,0.0698,0.642,115.042,225389,4,41172203,84,https://i.scdn.co/image/ab6761610000e5eb7eaa373538359164b843f7c0,True,73
30,Gorillaz,Tormenta (feat. Bad Bunny),38UYeBLfvpnDSG9GznZdnL,89,2023,hip-hop,0.637,0.768,0,-6.468,1,0.056,0.458,0.00192,0.378,0.297,94.982,193464,4,14498388,82,https://i.scdn.co/image/ab6761610000e5ebdd5b57b40cf2aaeccd07835e,True,69
31,Feid,CHORRITO PA LAS ANIMAS,0CYTGMBYkwUxrj1MWDLrC5,89,2022,pop,0.743,0.831,8,-4.042,0,0.0584,0.114,6.43e-05,0.35,0.609,95.975,168133,4,18885687,86,https://i.scdn.co/image/ab6761610000e5eb600ee3d2a14da8d038fa7bbf,True,73
32,Ñengo Flow,Gato de Noche,54ELExv56KCAB4UP9cOCzC,89,2022,hip-hop,0.892,0.662,8,-3.894,1,0.162,0.169,1.24e-06,0.363,0.607,93.976,227013,4,7276832,80,https://i.scdn.co/image/ab6761610000e5ebda3f48cf2309aacaab0edce2,True,67
33,Lizzy McAlpine,ceilings,2L9N0zZnd37dwF0clgxMGI,89,2022,folk,0.516,0.322,9,-11.762,1,0.0292,0.473,0.00194,0.215,0.261,148.005,182888,3,1544658,74,https://i.scdn.co/image/ab6761610000e5eb912df0c93a5dc290d3c8816e,False,80
34,JVKE,golden hour,5odlY52u43F5BjByhxg7wg,89,2022,indie-pop,0.515,0.593,4,-4.801,1,0.0322,0.653,0.162,0.25,0.153,94.467,209260,3,5807196,75,https://i.scdn.co/image/ab6761610000e5eb9028079005146db88f6133d0,False,79
35,Carin Leon,Que Vuelvas,6Um358vY92UBv5DloTRX9L,89,2022,sad,0.491,0.643,10,-4.309,1,0.0442,0.187,0.0,0.109,0.779,162.469,169419,4,111,23,,False,71
36,Tiësto,10:35,6BePGk3eCan4FqaW2X8Qy3,89,2022,dance,0.696,0.793,8,-5.733,1,0.097,0.0683,3.78e-06,0.18,0.698,120.003,172253,4,7978695,80,https://i.scdn.co/image/ab6761610000e5ebe84e08fb1dfa2bf9b5a61563,False,74
37,Oliver Tree,Miss You,73vIOb4Q7YN6HeJTbscRx5,89,2022,hip-hop,0.587,0.742,6,-6.64,0,0.0529,0.0128,0.00107,0.146,0.199,145.007,206000,4,2583483,67,https://i.scdn.co/image/ab6761610000e5eb4b245e1bf79a109b7a1876d2,True,13
38,Morgan Wallen,Last Night,59uQI0PADDKeE6UZDTJEe8,88,2023,country,0.517,0.675,6,-5.382,1,0.0357,0.459,0.0,0.151,0.518,203.853,163855,4,13992482,88,https://i.scdn.co/image/ab6761610000e5eb4245b1652fcc23f2b76ccd07,True,33
39,Sabrina Carpenter,Nonsense,6dgUya35uo964z7GZXM07g,88,2022,dance,0.74,0.697,8,-4.912,1,0.034,0.0268,0.0,0.224,0.732,138.992,163648,4,26516295,91,https://i.scdn.co/image/ab6761610000e5eb78e45cfa4697ce3c437cb455,False,83
40,Marília Mendonça,Leão,2K9kZpwD2CzTa6iiSYYOoO,88,2022,sertanejo,0.743,0.865,6,-3.897,1,0.0315,0.449,3.05e-06,0.297,0.794,129.999,166775,4,38498123,78,https://i.scdn.co/image/ab6761610000e5eb82541986e1e91ecd556ef72c,False,65
41,The Weeknd,I Was Never There,1cKHdTo9u0ZymJdPGSh6nq,88,2018,pop,0.323,0.737,10,-4.008,1,0.0338,0.142,0.000162,0.163,0.155,113.26,241067,4,112918137,93,https://i.scdn.co/image/ab6761610000e5eb9e528993a2820267b97f6aae,False,82
42,j-hope,on the street (with J. Cole),5wxYxygyHpbgv0EXZuqb9V,88,2023,k-pop,0.681,0.821,11,-5.12,0,0.131,0.532,0.00111,0.0921,0.813,94.074,214701,4,19239697,77,https://i.scdn.co/image/ab6761610000e5eb25c2401c3595f0ac35e19b98,True,61
43,Bruno Mars,When I Was Your Man,0nJW01T7XtvILxQgC5J7Wh,87,2012,pop,0.612,0.28,0,-8.648,1,0.0434,0.932,0.0,0.088,0.387,72.795,213827,4,75455093,89,https://i.scdn.co/image/ab6761610000e5ebc36dd9eb55fb0db4911f25dd,False,87
44,Eminem,Without Me,7lQ8MOhq6IN2w8EYcFNSUk,87,2002,hip-hop,0.908,0.669,7,-2.827,1,0.0738,0.00286,0.0,0.237,0.662,112.238,290320,4,104517308,88,https://i.scdn.co/image/ab6761610000e5eba00b11c129b27a88fc72f36b,True,87
45,Cartel De Santa,Shorty Party,55ZATsjPlTeSTNJOuW90pW,87,2023,hip-hop,0.928,0.468,2,-8.196,1,0.364,0.328,4.27e-06,0.0986,0.47,96.006,265000,4,19468246,76,https://i.scdn.co/image/ab6761610000e5eb72d02b5f21c6364c3d1928d7,True,73
46,The Weeknd,Save Your Tears,5QO79kh1waicV47BqGRL3g,87,2020,pop,0.68,0.826,0,-5.487,1,0.0309,0.0212,1.24e-05,0.543,0.644,118.051,215627,4,112918137,93,https://i.scdn.co/image/ab6761610000e5eb9e528993a2820267b97f6aae,True,86
47,New West,Those Eyes,50x1Ic8CaXkYNvjmxe3WXy,87,2019,indie-pop,0.593,0.352,4,-8.296,1,0.0284,0.695,2.22e-05,0.3,0.226,119.988,220750,3,626516,68,https://i.scdn.co/image/ab6761610000e5eb32a5faa77c82348cf5d13590,False,78
48,Arcángel,La Jumpa,5MxFWjuqQIsbNWbMdMdbli,87,2022,hip-hop,0.713,0.703,8,-5.769,1,0.194,0.298,0.0,0.321,0.576,123.06,255693,4,17833538,82,https://i.scdn.co/image/ab6761610000e5eb188fba614da521f737b24f9e,True,71
49,White Noise Baby Sleep,Clean White Noise - Loopable with no fade,2bRKxuH1o7pTmb1y4GfdEc,87,2017,sleep,0.0,0.00342,8,-28.46,1,0.0,0.791,1.0,0.111,0.0,0.0,90228,0,9906,54,https://i.scdn.co/image/ab67616d0000b273a782158763e14e7bba4f0ca5,False,76
50,The Kid LAROI,Love Again,4sx6NRwL6Ol3V6m9exwGlQ,87,2023,hip-hop,0.662,0.398,11,-6.691,0,0.0275,0.716,0.0,0.111,0.468,107.001,145850,4,6593079,79,https://i.scdn.co/image/ab6761610000e5ebb4b6c636210168996ad7d1fc,False,63
51,Feid,Feliz Cumpleaños Ferxxo,2CeKVsFFXG4QzA415QygGb,87,2022,pop,0.865,0.573,5,-5.501,1,0.0678,0.0863,0.0,0.305,0.563,94.999,155960,4,18885687,86,https://i.scdn.co/image/ab6761610000e5eb600ee3d2a14da8d038fa7bbf,False,77
52,SZA,Low,2GAhgAjOhEmItWLfgisyOn,87,2022,pop,0.698,0.546,0,-7.234,0,0.0559,0.425,0.00314,0.16,0.335,145.044,181080,4,33029522,87,https://i.scdn.co/image/ab6761610000e5ebfd0a9fb6c252a3ba44079acf,True,75
53,Harry Styles,Late Night Talking,1qEmFfgcLObUfQm0j1W2CK,87,2022,pop,0.714,0.728,10,-4.595,1,0.0468,0.298,0.0,0.106,0.901,114.996,177955,4,34130771,80,https://i.scdn.co/image/ab6761610000e5ebf7db7c8ede90a019c54590bb,False,75
54,Shakira,Monotonía,6G12ZafqofSq7YtrMqUm76,87,2022,dance,0.873,0.695,0,-4.207,0,0.0459,0.419,1.23e-06,0.211,0.823,131.963,158805,4,39777995,85,https://i.scdn.co/image/ab6761610000e5eb44b07362e94585ebd7c564c9,False,67
55,Ed Sheeran,Perfect,0tgVpDi06FyKpA1z0VMD4v,87,2017,pop,0.599,0.448,8,-6.312,1,0.0232,0.163,0.0,0.106,0.168,95.05,263400,3,122773292,88,https://i.scdn.co/image/ab6761610000e5ebd55c95ad400aed87da52daec,False,88
56,Harry Styles,Watermelon Sugar,6UelLqGlWMcVH1E5c4H7lY,87,2019,pop,0.548,0.816,0,-4.209,1,0.0465,0.122,0.0,0.335,0.557,95.39,174000,4,34130771,80,https://i.scdn.co/image/ab6761610000e5ebf7db7c8ede90a019c54590bb,False,82
57,Billie Eilish,lovely (with Khalid),0u2P5u6lvoDfwTYjAADbn4,87,2018,pop,0.351,0.296,4,-10.109,0,0.0333,0.934,0.0,0.095,0.12,115.284,200186,4,118692183,90,https://i.scdn.co/image/ab6761610000e5eb4a21b4760d2ecb7b0dcdc8da,False,87
58,The Weeknd,Call Out My Name,09mEdoA6zrmBPgTEN5qXmN,87,2018,pop,0.461,0.593,1,-4.954,1,0.0356,0.17,0.0,0.307,0.175,134.17,228373,3,112918137,93,https://i.scdn.co/image/ab6761610000e5eb9e528993a2820267b97f6aae,False,85
59,Fuerza Regida,Bebe Dame,0mzsLrUNazBaRfYZfjmpSV,87,2022,sad,0.537,0.602,7,-4.631,1,0.0458,0.296,0.0,0.0715,0.753,157.437,271862,4,19735177,89,https://i.scdn.co/image/ab6761610000e5eb158a3d24a31166b983e26325,False,69
60,Ruth B.,Dandelions,2eAvDnpXP5W0cVtiI0PUxV,87,2017,pop,0.609,0.692,1,-2.958,1,0.0259,0.0157,0.0,0.0864,0.454,116.959,233720,3,4465726,69,https://i.scdn.co/image/ab6761610000e5eb1da7ba1c178ab9f68d065197,False,84
61,J. Cole,No Role Modelz,68Dni7IE4VyPkTOH9mRWHr,87,2014,hip-hop,0.69,0.521,10,-8.492,0,0.339,0.324,0.0,0.0534,0.494,100.028,292799,4,27069939,82,https://i.scdn.co/image/ab6761610000e5eb4b053c29fd4b317ff825f0dc,True,85
62,Imagine Dragons,Bones,0HqZX76SFLDz2aW8aiqi7G,86,2022,rock,0.773,0.742,5,-3.678,0,0.046,0.0206,0.0,0.0754,0.571,114.071,165265,4,58364373,85,https://i.scdn.co/image/ab6761610000e5ebab47d8dae2b24f5afe7f9d38,False,76
63,NewJeans,Hype Boy,0a4MMyCrzT0En247IhqZbD,86,2022,k-pop,0.593,0.935,4,-3.43,0,0.225,0.268,0.0,0.286,0.783,99.976,179027,4,11604181,77,https://i.scdn.co/image/ab6761610000e5eb80668ba2b15094d083780ea9,False,76
64,The Weeknd,The Hills,7fBv7CLKzipRk6EC6TWHOB,86,2015,pop,0.585,0.564,0,-7.063,0,0.0515,0.0671,0.0,0.135,0.137,113.003,242253,4,112918137,93,https://i.scdn.co/image/ab6761610000e5eb9e528993a2820267b97f6aae,True,86
65,One Direction,Night Changes,5O2P9iiztwhomNh8xkR9lJ,86,2014,pop,0.672,0.52,8,-7.747,1,0.0353,0.859,0.0,0.115,0.37,120.001,226600,4,40270893,83,https://i.scdn.co/image/5bb443424a1ad71603c43d67f5af1a04da6bb3c8,False,86
66,Imagine Dragons,Believer,0pqnGHJpmpxLKifKRmU6WP,86,2017,rock,0.776,0.78,10,-4.374,0,0.128,0.0622,0.0,0.081,0.666,124.949,204347,4,58364373,85,https://i.scdn.co/image/ab6761610000e5ebab47d8dae2b24f5afe7f9d38,False,86
67,Eminem,The Real Slim Shady,3yfqSUWxFvZELEM4PmlwIR,86,2000,hip-hop,0.949,0.661,5,-4.244,0,0.0572,0.0302,0.0,0.0454,0.76,104.504,284200,4,104517308,88,https://i.scdn.co/image/ab6761610000e5eba00b11c129b27a88fc72f36b,True,84
68,Niall Horan,Heaven,1yHVHoz6Ny29gbbWJYVnFt,86,2023,dance,0.571,0.761,5,-3.485,1,0.0261,0.0708,0.0,0.331,0.681,91.991,186043,4,10238134,70,https://i.scdn.co/image/ab6761610000e5ebeccc1cde8e9fdcf1c9289897,False,1
69,Arctic Monkeys,Do I Wanna Know?,5FVd6KXrgO9B3JPmC8OPst,86,2013,garage,0.548,0.532,5,-7.596,1,0.0323,0.186,0.000263,0.217,0.405,85.03,272394,4,32059138,84,https://i.scdn.co/image/ab6761610000e5eb7da39dea0a72f581535fb11f,False,86
70,Drake,Jimmy Cooks (feat. 21 Savage),3F5CgOj3wFlRv51JsHbxhe,86,2022,hip-hop,0.529,0.673,0,-4.711,1,0.175,0.000307,2.41e-06,0.093,0.366,165.921,218365,4,103039388,95,https://i.scdn.co/image/ab6761610000e5eb4293385d324db8558179afd9,True,80
71,Eminem,Superman,4woTEX1wYOTGDqNXuavlRC,86,2002,hip-hop,0.802,0.755,4,-3.138,0,0.0564,0.0215,0.0,0.295,0.58,130.027,350320,4,104517308,88,https://i.scdn.co/image/ab6761610000e5eba00b11c129b27a88fc72f36b,True,82
72,Taylor Swift,Lavender Haze,5jQI2r1RdgtuT8S3iG8zFC,86,2022,pop,0.733,0.436,10,-10.489,1,0.08,0.258,0.000573,0.157,0.0976,96.985,202396,4,145396321,100,https://i.scdn.co/image/ab6761610000e5ebe2e8e7ff002a4afda1c7147e,True,72
73,Zach Bryan,Something in the Orange,3WMj8moIAXJhHsyLaqIIHI,86,2022,country,0.369,0.192,4,-12.151,0,0.04,0.555,8.35e-06,0.0954,0.148,175.212,228013,3,7320100,84,https://i.scdn.co/image/ab6761610000e5eb4fd54df35bfcfa0fc9fc2da7,False,85
74,Wisin & Yandel,Besos Moja2,6OzUIp8KjuwxJnCWkXp1uL,86,2022,electro,0.736,0.727,5,-4.642,0,0.0571,0.0584,1.91e-06,0.0976,0.644,94.048,229065,4,9023856,80,https://i.scdn.co/image/ab6761610000e5ebb5496c4b788e181679069ee8,False,68
75,Tory Lanez,The Color Violet,3azJifCSqg9fRij2yKIbWz,86,2021,hip-hop,0.645,0.534,6,-10.8,0,0.0479,0.157,0.0,0.0863,0.463,105.02,226467,4,8268519,79,https://i.scdn.co/image/ab6761610000e5ebbd5d3e1b363c3e26710661c3,False,84
76,Junior H,El Azul,1haJsMtoBhHfvuM7XWuT3W,85,2023,sad,0.558,0.648,9,-7.081,0,0.055,0.226,7.76e-06,0.0986,0.844,143.876,187226,3,28178187,87,https://i.scdn.co/image/ab6761610000e5eb5fbe9b7dc7d9a2295bd6022c,False,77
77,XXXTENTACION,Revenge,5TXDeTFVRVY7Cvt0Dw4vWW,85,2017,emo,0.746,0.251,11,-16.169,0,0.259,0.782,0.00203,0.106,0.18,139.999,120027,4,51710210,83,https://i.scdn.co/image/ab6761610000e5ebf0c20db5ef6c6fbe5135d2e4,True,81
78,Justin Bieber,Ghost,6I3mqTwhRpn34SLVafSH7G,85,2021,pop,0.601,0.741,2,-5.569,1,0.0478,0.185,2.91e-05,0.415,0.441,153.96,153190,4,85008100,91,https://i.scdn.co/image/ab6761610000e5ebaf20f7db5288bce9beede034,False,83
79,TV Girl,Lovers Rock,6dBUzqjtbnIa1TwYbyw5CM,85,2014,indie-pop,0.559,0.871,5,-5.338,0,0.0397,7.53e-06,0.00545,0.096,0.572,104.97,213920,4,12544566,79,https://i.scdn.co/image/ab6761610000e5ebd80695211689a9c8c3fee3b0,False,86
80,Ed Sheeran,Shape of You,7qiZfU4dY1lWllzX7mPBI3,85,2017,pop,0.825,0.652,1,-3.183,0,0.0802,0.581,0.0,0.0931,0.931,95.977,233713,4,122773292,88,https://i.scdn.co/image/ab6761610000e5ebd55c95ad400aed87da52daec,False,88
81,The Kid LAROI,STAY (with Justin Bieber),5HCyWlXZPP0y6Gqq8TgA20,85,2021,hip-hop,0.591,0.764,1,-5.484,1,0.0483,0.0383,0.0,0.103,0.478,169.928,141806,4,6593079,79,https://i.scdn.co/image/ab6761610000e5ebb4b6c636210168996ad7d1fc,True,80
82,Shakira,Te Felicito,2rurDawMfoKP4uHyb2kJBt,85,2022,dance,0.695,0.636,5,-4.654,1,0.317,0.234,0.0,0.081,0.575,174.14,172235,4,39777995,85,https://i.scdn.co/image/ab6761610000e5eb44b07362e94585ebd7c564c9,False,69
83,Lil Nas X,STAR WALKIN' (League of Legends Worlds Anthem),38T0tPVZHcPZyhtOcCP7pF,85,2022,hip-hop,0.637,0.715,2,-4.971,0,0.0455,0.148,0.0,0.0892,0.308,141.872,210576,4,12310527,71,https://i.scdn.co/image/ab6761610000e5eb3758a33e782b46bd7f174e1d,True,70
84,Miley Cyrus,River,04CqLjewJiSAqM210vZAmT,85,2023,pop,0.613,0.803,9,-5.171,1,0.0367,0.000525,0.000333,0.189,0.461,127.989,162973,4,26558356,81,https://i.scdn.co/image/ab6761610000e5ebf4cccd14ec026038d713e353,False,1
85,Peso Pluma,Por las Noches,2VzCjpKvPB1l1tqLndtAQa,85,2021,sad,0.807,0.595,0,-7.19,1,0.0325,0.31,2.44e-05,0.0735,0.392,92.491,239845,4,23945513,86,https://i.scdn.co/image/ab6761610000e5ebe5283f5b671cf618b82a2696,False,3
86,Conan Gray,Heather,4xqrdfXkTW4T0RauPLv3WA,85,2020,pop,0.357,0.425,5,-7.301,1,0.0333,0.584,0.0,0.322,0.27,102.078,198040,3,12425448,79,https://i.scdn.co/image/ab6761610000e5eb4c2b62d4748524454a6f99b0,False,84
87,Bruno Mars,Locked out of Heaven,3w3y8KPTfNeOKPiqUTakBh,85,2012,dance,0.726,0.698,5,-4.165,1,0.0431,0.049,0.0,0.309,0.867,143.994,233478,4,75455093,89,https://i.scdn.co/image/ab6761610000e5ebc36dd9eb55fb0db4911f25dd,False,88
88,Nicky Youre,Sunroof,4h4QlmocP3IuwYEj2j14p8,85,2021,pop,0.768,0.714,10,-5.11,1,0.0401,0.352,0.0,0.15,0.842,131.443,163026,4,329420,63,https://i.scdn.co/image/ab6761610000e5ebaf41adb04f91c8f9cc18a3d3,False,7
89,Jung Kook,Dreamers [Music from the FIFA World Cup Qatar 2022 Official Soundtrack],1RDvyOk4WtPCtoqciJwVn8,85,2022,k-pop,0.71,0.879,0,-4.218,1,0.0422,0.158,0.00142,0.439,0.341,114.993,201391,4,18615260,79,https://i.scdn.co/image/ab6761610000e5eb40a7268dd742e5f63759b960,False,4
90,Doja Cat,Woman,6Uj1ctrBOjOas8xZXGqKk4,85,2021,dance,0.824,0.764,5,-4.175,0,0.0854,0.0888,0.00294,0.117,0.881,107.998,172627,4,34735147,86,https://i.scdn.co/image/ab6761610000e5eb8a0644455ebfa7d3976f5101,True,83
91,Seafret,Atlantis,1Fid2jjqsHViMX6xNH70hE,85,2016,folk,0.4,0.479,8,-7.989,0,0.0308,0.0529,2.14e-06,0.115,0.213,166.159,229173,4,1091064,64,https://i.scdn.co/image/ab6761610000e5eb8063d8fa2d0fd4f409b9144a,False,81
92,Arctic Monkeys,Why'd You Only Call Me When You're High?,086myS9r57YsLbJpU0TgK9,85,2013,garage,0.691,0.631,2,-6.478,1,0.0368,0.0483,1.13e-05,0.104,0.8,92.004,161124,4,32059138,84,https://i.scdn.co/image/ab6761610000e5eb7da39dea0a72f581535fb11f,False,84
93,Ed Sheeran,Shivers,50nfwKoDiSYg8zOCREWAm5,85,2021,pop,0.788,0.859,2,-2.724,1,0.0856,0.281,0.0,0.0424,0.822,141.02,207853,4,122773292,88,https://i.scdn.co/image/ab6761610000e5ebd55c95ad400aed87da52daec,False,81
94,Fujii Kaze,Shinunoga E-Wa,0o9zmvc5f3EFApU52PPIyW,85,2020,pop,0.6,0.76,6,-6.124,0,0.0452,0.166,4.09e-05,0.189,0.519,158.078,185573,4,4571036,74,https://i.scdn.co/image/ab6761610000e5ebadf53c59da1a6d161a55f6d4,False,77
95,King,Maan Meri Jaan,1418IuVKQPTYqt7QNJ9RXN,85,2022,hip-hop,0.698,0.505,6,-8.242,0,0.0356,0.354,0.0,0.0995,0.396,95.868,194654,4,9375404,63,https://i.scdn.co/image/ab6761610000e5eb3de5e76cc83756f612242378,False,70
96,AgroPlay,Nosso Quadro,1bzRhnrWU1l1u4Bby9ZbfQ,85,2023,sertanejo,0.689,0.71,9,-4.822,1,0.196,0.33,0.0,0.312,0.606,160.015,173698,4,978115,63,https://i.scdn.co/image/ab6761610000e5ebcb5b67f9f64247d577b9da60,False,62
97,Israel & Rodolffo,Bombonzinho - Ao Vivo,4o6v3Oooyt7HF20idztRD4,85,2022,sertanejo,0.651,0.947,1,-3.669,1,0.0539,0.305,0.0,0.92,0.722,158.046,154702,4,3687242,67,https://i.scdn.co/image/ab6761610000e5eb49af489b11377736ccc8e6cd,False,61
98,Shawn Mendes,There's Nothing Holdin' Me Back,7JJmb5XwzOO8jgpou264Ml,85,2017,dance,0.866,0.813,11,-4.063,0,0.0554,0.38,0.0,0.0779,0.969,121.998,199440,4,45700057,81,https://i.scdn.co/image/ab6761610000e5eb58b4b9419486550f6fda0535,False,86
99,Stephen Sanchez,Until I Found You,0T5iIrXA4p5GsubkhuBIKV,85,2021,pop,0.539,0.508,10,-6.05,1,0.0288,0.727,0.0,0.174,0.227,101.358,177720,3,1873452,71,https://i.scdn.co/image/ab6761610000e5eb1e97fce6fa6fc4ebc3ebda25,False,78
100,Calvin Harris,One Kiss (with Dua Lipa),7ef4DlsgrMEH11cDZd32M6,85,2018,dance,0.791,0.862,9,-3.24,0,0.11,0.037,2.19e-05,0.0814,0.592,123.994,214847,4,23078238,84,https://i.scdn.co/image/ab6761610000e5eb1e4bcd2bef1896648762dd6b,False,79
101,Elley Duhé,MIDDLE OF THE NIGHT,58HvfVOeJY7lUuCqF0m3ly,85,2020,pop,0.41,0.611,4,-8.271,0,0.0467,0.0228,0.0,0.116,0.0899,185.727,184448,3,671571,70,https://i.scdn.co/image/ab6761610000e5ebbe6d799fcd475418b0c77670,False,74
102,The Weeknd,After Hours,2p8IUWQDrpjuFltbdgLOag,85,2020,pop,0.664,0.572,5,-6.099,0,0.0305,0.0811,0.00604,0.121,0.143,108.959,361027,4,112918137,93,https://i.scdn.co/image/ab6761610000e5eb9e528993a2820267b97f6aae,False,81
103,Joji,Glimpse of Us,6xGruZOHLs39ZbVccQTuPZ,85,2022,pop,0.44,0.317,8,-9.258,1,0.0531,0.891,4.78e-06,0.141,0.268,169.914,233456,3,10638942,80,https://i.scdn.co/image/ab6761610000e5eb3edc15142a264f1c61c3bc3c,False,8
104,Taylor Swift,Don’t Blame Me,1R0a2iXumgCiFb7HEZ7gUE,85,2017,pop,0.615,0.534,9,-6.719,0,0.0386,0.106,1.76e-05,0.0607,0.193,135.917,236413,4,145396321,100,https://i.scdn.co/image/ab6761610000e5ebe2e8e7ff002a4afda1c7147e,False,82
105,Billie Eilish,TV,3GYlZ7tbxLOxe6ewMNVTkw,84,2022,pop,0.412,0.236,4,-15.159,0,0.0379,0.83,0.00653,0.147,0.119,140.214,281381,4,118692183,90,https://i.scdn.co/image/ab6761610000e5eb4a21b4760d2ecb7b0dcdc8da,False,83
106,Feid,Normal,0T2pB7P1VdXPhLdQZ488uH,84,2022,pop,0.709,0.56,4,-4.867,0,0.171,0.034,0.0,0.315,0.541,170.082,171880,4,18885687,86,https://i.scdn.co/image/ab6761610000e5eb600ee3d2a14da8d038fa7bbf,True,75
107,Linkin Park,Numb,2nLtzopw4rPReszdYBJU6h,84,2003,metal,0.496,0.863,9,-4.153,1,0.0381,0.0046,0.0,0.639,0.243,110.018,185587,4,31785695,88,https://i.scdn.co/image/ab6761610000e5eb527d95dabbe8b8b527e8136f,False,87
108,Linkin Park,Lost,373gDROnujxNTFa1FojYIl,84,2023,metal,0.596,0.798,0,-4.63,1,0.0285,0.00412,0.0,0.338,0.459,105.01,199342,4,31785695,88,https://i.scdn.co/image/ab6761610000e5eb527d95dabbe8b8b527e8136f,False,69
109,Sam Smith,I'm Not The Only One,7795WJLVKJoAyVoOtCWqXN,84,2014,pop,0.677,0.485,5,-5.795,1,0.0361,0.529,2.04e-05,0.0766,0.493,82.001,239317,4,26272346,81,https://i.scdn.co/image/ab6761610000e5eb3262e01b79152c4f8007f3ac,False,85
110,Lost Frequencies,Where Are You Now,3uUuGVFu1V7jTQL60S1r8z,84,2021,dance,0.671,0.636,6,-8.117,0,0.103,0.515,0.000411,0.172,0.262,120.966,148197,4,3098388,75,https://i.scdn.co/image/ab6761610000e5eb976d55989fb4a20e346d0936,False,77
111,Taylor Swift,cardigan,4R2kfaDFhslZEMJqAFNpdd,84,2020,pop,0.613,0.581,0,-8.588,0,0.0424,0.537,0.000345,0.25,0.551,130.033,239560,4,145396321,100,https://i.scdn.co/image/ab6761610000e5ebe2e8e7ff002a4afda1c7147e,False,86
112,Marshmello,El Merengue,51FvjPEGKq2zByeeEQ43V9,84,2023,dance,0.775,0.677,8,-4.703,0,0.0442,0.0313,0.00517,0.112,0.698,124.011,189357,4,34476607,80,https://i.scdn.co/image/ab6761610000e5eb3b2498dc8a8c6eceed0a2db3,False,73
113,Olivia Rodrigo,good 4 u,4ZtFanR9U6ndgddUvNcjcG,84,2021,pop,0.563,0.664,9,-5.044,1,0.154,0.335,0.0,0.0849,0.688,166.928,178147,4,49050008,84,https://i.scdn.co/image/ab6761610000e5ebe03a98785f3658f0b6461ec4,True,81
114,MC Xenon,Sem Aliança no Dedo,22sAwsBH0NoNJXnrBenQuO,84,2022,funk,0.532,0.355,1,-6.632,1,0.332,0.732,0.0,0.105,0.399,82.713,120461,3,93429,50,https://i.scdn.co/image/ab6761610000e5eb41227b3c3490f1de84ed2a41,True,60
115,The Neighbourhood,Softcore,2K7xn816oNHJZ0aVqdQsha,84,2018,alt-rock,0.575,0.568,9,-5.509,0,0.03,0.0484,0.000417,0.286,0.37,93.986,206280,4,21591569,83,https://i.scdn.co/image/ab6761610000e5ebdf0b5ac84376a0a4b2166816,False,84
116,Ed Sheeran,Bad Habits,3rmo8F54jFF8OgYsqTxm5d,84,2021,pop,0.807,0.893,11,-3.745,0,0.0347,0.0451,2.79e-05,0.366,0.537,126.011,230747,4,122773292,88,https://i.scdn.co/image/ab6761610000e5ebd55c95ad400aed87da52daec,False,82
117,The Weeknd,Is There Someone Else?,0mL82sxCRjrs3br407IdJh,84,2022,pop,0.702,0.586,9,-7.83,0,0.0313,0.0388,7.27e-05,0.156,0.608,134.951,199111,4,112918137,93,https://i.scdn.co/image/ab6761610000e5eb9e528993a2820267b97f6aae,False,81
118,Future,WAIT FOR U (feat. Drake & Tems),59nOXPmaKlBfGMDeOVGrIK,84,2022,hip-hop,0.463,0.642,1,-4.474,1,0.34,0.314,0.0,0.0686,0.339,83.389,189893,4,22675640,88,https://i.scdn.co/image/ab6761610000e5eb7565b356bc9d9394eefa2ccb,True,82
119,Maroon 5,Memories,4cktbXiXOapiLBMprHFErI,84,2021,pop,0.775,0.327,11,-7.241,1,0.0557,0.841,0.0,0.0821,0.595,91.05,189486,4,45764832,85,https://i.scdn.co/image/ab6761610000e5ebf8349dfb619a7f842242de77,False,82
120,Avicii,Wake Me Up,0nrRP2bk19rLc0orkWPQk2,84,2013,dance,0.532,0.783,2,-5.697,1,0.0523,0.0038,0.0012,0.161,0.643,124.08,247427,4,23434221,79,https://i.scdn.co/image/ab6761610000e5ebae07171f989fb39736674113,False,85
121,Billie Eilish,Happier Than Ever,4RVwu0g32PAqgUiJoXsdF8,84,2021,pop,0.332,0.225,0,-8.697,1,0.0348,0.767,0.00349,0.128,0.297,81.055,298899,3,118692183,90,https://i.scdn.co/image/ab6761610000e5eb4a21b4760d2ecb7b0dcdc8da,True,84
122,The Weeknd,Heartless,6bnF93Rx87YqUBLSgjiMU8,84,2020,pop,0.537,0.746,10,-5.507,0,0.15,0.0236,1.01e-06,0.156,0.252,170.062,198267,4,112918137,93,https://i.scdn.co/image/ab6761610000e5eb9e528993a2820267b97f6aae,True,78
123,Olivia Rodrigo,traitor,5CZ40GBx1sQ9agT82CLQCT,84,2021,pop,0.38,0.339,3,-7.885,1,0.0338,0.691,0.0,0.12,0.0849,100.607,229227,4,49050008,84,https://i.scdn.co/image/ab6761610000e5ebe03a98785f3658f0b6461ec4,False,86
124,Olivia Rodrigo,drivers license,5wANPM4fQCJwkGd4rN57mH,84,2021,pop,0.561,0.431,10,-8.81,1,0.0578,0.768,1.42e-05,0.106,0.137,143.875,242013,4,49050008,84,https://i.scdn.co/image/ab6761610000e5ebe03a98785f3658f0b6461ec4,True,85
125,Sam Smith,I'm Not Here To Make Friends,3i0FkJYlU4MFfYkjFHXXAM,84,2023,pop,0.698,0.895,0,-4.439,1,0.0628,0.172,1.45e-05,0.409,0.838,114.914,229605,4,26272346,81,https://i.scdn.co/image/ab6761610000e5eb3262e01b79152c4f8007f3ac,False,62
126,Elton John,Cold Heart - PNAU Remix,6zSpb8dQRaw0M1dK8PBwQz,84,2021,rock,0.796,0.798,1,-6.312,1,0.0317,0.034,4.19e-05,0.0952,0.942,116.032,202735,4,15542286,80,https://i.scdn.co/image/ab6761610000e5eb0dc33a1c53bb58a84b45d6a7,False,80
127,21 Savage,Glock In My Lap,6pcywuOeGGWeOQzdUyti6k,84,2020,hip-hop,0.847,0.733,10,-6.439,0,0.16,0.00574,1.04e-05,0.151,0.202,130.029,193591,4,23799771,84,https://i.scdn.co/image/ab6761610000e5eb4f8f76117470957c0e81e5b2,True,76
128,MEDUZA,Bad Memories (feat. Elley Duhé & FAST BOY),3rb0tMq42WfggucPm0HHkA,84,2022,dance,0.607,0.767,5,-6.069,0,0.0474,0.118,0.0,0.122,0.662,123.998,148629,3,964749,70,https://i.scdn.co/image/ab6761610000e5eb3ad617606a561c6837586c32,False,70
129,Shakira,Hips Don't Lie (feat. Wyclef Jean),3ZFTkvIE7kyPt6Nu3PEa7V,84,2005,dance,0.778,0.824,10,-5.892,0,0.0707,0.284,0.0,0.405,0.758,100.024,218093,4,39777995,85,https://i.scdn.co/image/ab6761610000e5eb44b07362e94585ebd7c564c9,False,39
130,Glass Animals,Heat Waves,02MWAaffLxlfxAUY7c5dvx,84,2020,indie-pop,0.761,0.525,11,-6.9,1,0.0944,0.44,6.7e-06,0.0921,0.531,80.87,238805,4,4568462,73,https://i.scdn.co/image/ab6761610000e5ebeb2cc96b0ed023c5e3675b6f,False,9
131,Drake,One Dance,1zi7xx7UVEFkmKfv06H8x0,84,2016,hip-hop,0.792,0.625,1,-5.609,1,0.0536,0.00776,0.0018,0.329,0.37,103.967,173987,4,103039388,95,https://i.scdn.co/image/ab6761610000e5eb4293385d324db8558179afd9,False,88
132,Eminem,Till I Collapse,4xkOaSrkexMciUUogZKVTS,84,2002,hip-hop,0.548,0.847,1,-3.237,1,0.186,0.0622,0.0,0.0816,0.1,171.447,297787,4,104517308,88,https://i.scdn.co/image/ab6761610000e5eba00b11c129b27a88fc72f36b,True,83
133,Lil Peep,Star Shopping,6Ox1rvlwEpB49drasQm6RF,84,2015,emo,0.538,0.471,4,-9.84,0,0.0955,0.0946,0.0185,0.116,0.307,93.07,142000,4,15684530,82,https://i.scdn.co/image/ab6761610000e5eb3d9d59e200e82fa53d8781a1,True,3
134,Frank Ocean,Pink + White,3xKsf9qdS1CyvXSMEid6g8,84,2016,hip-hop,0.545,0.545,9,-7.362,1,0.107,0.667,5.48e-05,0.417,0.549,159.94,184516,3,20280852,83,https://i.scdn.co/image/ab6761610000e5ebee3123e593174208f9754fab,False,86
135,Henrique & Juliano,Traumatizei - Ao Vivo Em Brasília,0JIYoXtJfORxI6gRpHv6ZW,84,2023,sertanejo,0.483,0.91,11,-3.474,1,0.0845,0.13,0.0,0.395,0.576,166.057,172005,4,29996145,85,https://i.scdn.co/image/ab6761610000e5eb30f0dc81183daaee971c2601,False,66
136,Harry Styles,Adore You,3jjujdWJ72nww5eGnfs2E7,84,2019,pop,0.676,0.771,8,-3.675,1,0.0483,0.0237,7e-06,0.102,0.569,99.048,207133,4,34130771,80,https://i.scdn.co/image/ab6761610000e5ebf7db7c8ede90a019c54590bb,False,78
137,NewJeans,Attention,2pIUpMhHL6L9Z5lnKxJJr9,84,2022,k-pop,0.811,0.648,10,-3.684,0,0.0368,0.236,0.0,0.0761,0.695,104.988,180067,4,11604181,77,https://i.scdn.co/image/ab6761610000e5eb80668ba2b15094d083780ea9,False,75
138,The Neighbourhood,Daddy Issues,5E30LdtzQTGqRvNd7l6kG5,84,2015,alt-rock,0.588,0.521,10,-9.461,1,0.0329,0.0678,0.149,0.123,0.337,85.012,260173,4,21591569,83,https://i.scdn.co/image/ab6761610000e5ebdf0b5ac84376a0a4b2166816,False,84
139,TINI,Cupido,2xVcCDRgG3TrH69TatsUxp,84,2023,pop,0.913,0.584,9,-5.263,1,0.223,0.521,5.36e-05,0.307,0.627,119.873,174370,4,9214236,76,https://i.scdn.co/image/ab6761610000e5eb43f8f52ac55da2d54fc8fdca,False,63
140,Gustavo Mioto,Eu Gosto Assim - Ao Vivo,4ASA1PZyWGbuc4d9N8OAcF,84,2022,sertanejo,0.636,0.909,0,-3.685,1,0.0439,0.149,0.0,0.719,0.61,154.189,148800,4,7182515,71,https://i.scdn.co/image/ab6761610000e5eb3563c0a96d80f9c29e97f568,False,65
141,Grupo Marca Registrada,El Rescate,4w273WCBXwM4P3jTX5HkB2,84,2022,sad,0.794,0.594,7,-8.698,0,0.139,0.283,0.000381,0.109,0.637,99.238,160897,3,6208662,76,https://i.scdn.co/image/ab6761610000e5eb9508af8df57e8aeb9ca50aeb,False,29
142,Luis R Conriquez,El Gavilán,4ygQ5wSuzzNRevVjup1qV2,84,2022,sad,0.724,0.684,11,-4.413,1,0.0705,0.144,0.0035,0.302,0.729,144.117,175296,3,9188238,81,https://i.scdn.co/image/ab6761610000e5ebbc87bbebf0dd38589b3f7576,False,71
143,Avicii,The Nights,0ct6r3EGTcMLPtrXHDvVjc,84,2014,dance,0.527,0.835,6,-5.298,1,0.0433,0.0166,0.0,0.249,0.654,125.983,176658,4,23434221,79,https://i.scdn.co/image/ab6761610000e5ebae07171f989fb39736674113,False,83
144,RAYE,Escapism. - Sped Up,4rPJSqrov3zqGwXlemLBMw,84,2022,dance,0.435,0.768,6,-5.352,0,0.201,0.0857,0.000231,0.0918,0.378,107.588,239888,4,2848210,81,https://i.scdn.co/image/ab6761610000e5ebde2e2ac1d53fdf9518354798,True,9
145,Fuerza Regida,Billete Grande (En Vivo),3XfUFGzbr0LmwFVoLXd9cO,84,2022,sad,0.751,0.601,5,-5.912,0,0.0828,0.533,0.0,0.377,0.56,100.994,163940,1,19735177,89,https://i.scdn.co/image/ab6761610000e5eb158a3d24a31166b983e26325,False,74
146,Peso Pluma,Siempre Pendientes,3gfSH9aYZbyGjdmbeoWliw,83,2022,sad,0.774,0.748,0,-7.086,1,0.0352,0.331,0.0057,0.126,0.714,135.929,186828,3,23945513,86,https://i.scdn.co/image/ab6761610000e5ebe5283f5b671cf618b82a2696,True,70
147,Lady Gaga,Shallow,2VxeLyX666F8uXCJ0dZF8B,83,2018,dance,0.572,0.385,7,-6.362,1,0.0308,0.371,0.0,0.231,0.323,95.799,215733,4,42237551,88,https://i.scdn.co/image/ab6761610000e5ebaadc18cac8d48124357c38e6,False,84
148,g3ox_em,GigaChad Theme - Phonk House Version,7mLWNwcvwRdEviz6SfYp8A,83,2022,hardstyle,0.588,0.496,9,-5.947,1,0.0417,0.00166,0.936,0.186,0.582,128.001,146274,4,183434,50,https://i.scdn.co/image/ab6761610000e5eb92535a504f16e1dd6ddc3631,False,67
149,Twenty One Pilots,Stressed Out,3CRDbSIZ4r5MsZ0YwxuEkn,83,2015,rock,0.734,0.637,4,-5.677,0,0.141,0.0462,2.29e-05,0.0602,0.648,169.977,202333,4,25759662,83,https://i.scdn.co/image/ab6761610000e5eb61a7ea26d33ded218cd1e59d,False,84
150,XXXTENTACION,Hope,2ZRo7axmMPeSVUvDbGkJah,83,2018,emo,0.592,0.457,9,-6.081,0,0.0603,0.661,0.000331,0.146,0.225,146.04,110886,4,51710210,83,https://i.scdn.co/image/ab6761610000e5ebf0c20db5ef6c6fbe5135d2e4,True,81
151,Doja Cat,Vegas (From the Original Motion Picture Soundtrack ELVIS),0hquQWY3xvYqN4qtiquniF,83,2022,dance,0.801,0.601,8,-7.574,0,0.255,0.0777,3.23e-05,0.145,0.74,159.969,182907,4,34735147,86,https://i.scdn.co/image/ab6761610000e5eb8a0644455ebfa7d3976f5101,True,71
152,James Hype,Ferrari,4zN21mbAuaD0WqtmaTZZeP,83,2022,dance,0.847,0.69,1,-7.877,0,0.0493,0.0127,6e-05,0.0526,0.692,125.004,186662,4,494513,69,https://i.scdn.co/image/ab6761610000e5ebf279d1127692bc46781a4a10,False,76
153,Miguel,Sure Thing - Sped Up,559SdaPI7mqy9IQiscuaMj,83,2023,dance,0.753,0.458,4,-12.52,0,0.123,0.0812,0.00413,0.209,0.662,105.057,150054,4,6129109,78,https://i.scdn.co/image/ab6761610000e5eb35e36c368fdcd26aba296bd1,False,62
154,Tiësto,Lay Low,0zKbDrEXKpnExhGQRe9dxt,83,2023,dance,0.534,0.855,1,-4.923,0,0.183,0.0607,0.000263,0.346,0.42,122.06,153443,4,7978695,80,https://i.scdn.co/image/ab6761610000e5ebe84e08fb1dfa2bf9b5a61563,False,72
155,Kenshi Yonezu,KICK BACK,3khEEPRyBeOUabbmOPJzAG,83,2022,pop,0.577,0.941,1,-5.17,1,0.105,0.00207,3.36e-06,0.0891,0.292,101.921,193495,4,7419215,78,https://i.scdn.co/image/ab6761610000e5eb551104d6bfdfc4de65b057a2,False,75
156,Taylor Swift,Cruel Summer,1BxfuPKGuaTgP7aM0Bbdwr,83,2019,pop,0.552,0.702,9,-5.707,1,0.157,0.117,2.06e-05,0.105,0.564,169.994,178427,4,145396321,100,https://i.scdn.co/image/ab6761610000e5ebe2e8e7ff002a4afda1c7147e,False,87
157,Surf Curse,Freaks,7EkWXAI1wn8Ii883ecd9xr,83,2021,indie-pop,0.345,0.941,9,-9.918,1,0.0466,3.84e-05,0.633,0.0511,0.407,179.626,147062,4,1744189,68,https://i.scdn.co/image/ab6761610000e5eb7fabcff4fe07270f07039355,False,83
158,Måneskin,Beggin',3Wrjm47oTz2sjIgck11l5e,83,2017,indie-pop,0.714,0.8,11,-4.808,0,0.0504,0.127,0.0,0.359,0.589,134.002,211560,4,10636129,76,https://i.scdn.co/image/ab6761610000e5eb46d0db8a86fda630ec12401f,False,84
159,Fuerza Regida,Ch y la Pizza,1ySH55O0zbQBR77q8wQEyn,83,2022,sad,0.661,0.6,8,-4.495,1,0.125,0.401,0.0,0.141,0.848,148.666,136913,3,19735177,89,https://i.scdn.co/image/ab6761610000e5eb158a3d24a31166b983e26325,True,66
160,John Legend,All of Me,3U4isOIWM3VvDubwSI3y7a,83,2013,pop,0.422,0.264,8,-7.064,1,0.0322,0.922,0.0,0.132,0.331,119.93,269560,4,8072466,73,https://i.scdn.co/image/ab6761610000e5eb01784e44ffd1a339350f4417,False,85
161,Harry Styles,Sign of the Times,5Ohxk2dO5COHF1krpoPigN,83,2017,pop,0.516,0.595,5,-4.63,1,0.0313,0.0275,0.0,0.109,0.222,119.972,340707,4,34130771,80,https://i.scdn.co/image/ab6761610000e5ebf7db7c8ede90a019c54590bb,False,85
162,SZA,Shirt,2wSTnntOPRi7aQneobFtU4,83,2022,pop,0.848,0.512,3,-7.72,0,0.102,0.228,0.00232,0.0879,0.572,120.009,181840,4,33029522,87,https://i.scdn.co/image/ab6761610000e5ebfd0a9fb6c252a3ba44079acf,True,68
163,Lewis Capaldi,Before You Go,2gMXnyrvIjhVBUZwvLZDMP,83,2019,pop,0.459,0.575,3,-4.858,1,0.0573,0.604,0.0,0.0885,0.183,111.881,215107,4,14039018,79,https://i.scdn.co/image/ab6761610000e5ebdc9e707b0d0e591e08d3f549,False,83
164,Taylor Swift,Midnight Rain,3rWDp9tBPQR9z6U5YyRSK4,83,2022,pop,0.643,0.363,0,-11.738,1,0.0767,0.69,5.17e-05,0.115,0.23,139.865,174783,4,145396321,100,https://i.scdn.co/image/ab6761610000e5ebe2e8e7ff002a4afda1c7147e,False,73
165,Olivia Rodrigo,deja vu,6HU7h9RYOaPRFeh0R3UeAr,83,2021,pop,0.442,0.612,2,-7.222,1,0.112,0.584,5.7e-06,0.37,0.178,180.917,215507,4,49050008,84,https://i.scdn.co/image/ab6761610000e5ebe03a98785f3658f0b6461ec4,True,85
166,Taylor Swift,Lover,1dGr1c8CrMLDpV6mPbImSI,83,2019,pop,0.359,0.543,7,-7.582,1,0.0919,0.492,1.58e-05,0.118,0.453,68.534,221307,4,145396321,100,https://i.scdn.co/image/ab6761610000e5ebe2e8e7ff002a4afda1c7147e,False,84
167,J. Cole,Wet Dreamz,4tqcoej1zPvwePZCzuAjJd,83,2014,hip-hop,0.495,0.722,6,-8.108,0,0.357,0.0697,0.0,0.113,0.539,175.627,239267,4,27069939,82,https://i.scdn.co/image/ab6761610000e5eb4b053c29fd4b317ff825f0dc,True,80
168,Billie Eilish,everything i wanted,3ZCTVFBt2Brf31RLEnCkWJ,83,2019,electro,0.704,0.225,6,-14.454,0,0.0994,0.902,0.657,0.106,0.243,120.006,245426,4,118692183,90,https://i.scdn.co/image/ab6761610000e5eb4a21b4760d2ecb7b0dcdc8da,False,83
169,Joji,Die For You,26hOm7dTtBi0TdpDGl141t,83,2022,pop,0.472,0.518,8,-7.379,1,0.051,0.383,0.127,0.289,0.154,147.805,211667,4,10638942,80,https://i.scdn.co/image/ab6761610000e5eb3edc15142a264f1c61c3bc3c,False,5
170,Drake,God's Plan,6DCZcSspjsKoFjzjrWoCdn,83,2018,hip-hop,0.754,0.449,7,-9.211,1,0.109,0.0332,8.29e-05,0.552,0.357,77.169,198973,4,103039388,95,https://i.scdn.co/image/ab6761610000e5eb4293385d324db8558179afd9,True,83
171,Lil Baby,Freestyle,5BbdKBZO0TH0GhfxUfyhL9,83,2017,hip-hop,0.877,0.517,2,-5.426,0,0.0706,0.217,0.0,0.143,0.255,119.996,162053,4,21644763,84,https://i.scdn.co/image/ab6761610000e5eb514da623c55dc9d2155705dd,True,77
172,Vishal-Shekhar,Jhoome Jo Pathaan,6FAYpZ4jve8vpvTwUvjK6H,83,2022,pop,0.817,0.738,7,-7.639,1,0.0748,0.0964,0.0,0.331,0.616,104.964,208164,4,15988930,78,https://i.scdn.co/image/ab6761610000e5eb90b6c3d093f9b02aad628eaf,False,64
173,BTS,Run BTS,69xohKu8C1fsflYAiSNbwM,83,2022,k-pop,0.724,0.818,8,-3.747,1,0.168,0.0201,0.0,0.0358,0.696,77.004,204940,4,81181104,85,https://i.scdn.co/image/ab6761610000e5ebd642648235ebf3460d2d1f6a,False,75
174,Kendrick Lamar,All The Stars (with SZA),3GCdLUSnKSMJhs4Tj6CV3s,83,2018,hip-hop,0.698,0.633,8,-4.946,1,0.0597,0.0605,0.000194,0.0926,0.552,96.924,232187,4,44577310,89,https://i.scdn.co/image/ab6761610000e5eb39ba6dcd4355c03de0b50918,True,89
175,Mc Tato,Luz do Luar,6eNRGL6Nkdg7RhJtmbcl0j,83,2022,funk,0.627,0.754,3,-2.505,0,0.0298,0.437,0.0,0.0963,0.786,130.128,184615,4,1197227,58,https://i.scdn.co/image/ab6761610000e5eb96e5900ffa4872cd11e65481,True,60
176,Grupo Marca Registrada,Di Que Si,0kzN7YAMSbmlHOvxlbQW9y,83,2023,sad,0.57,0.589,9,-5.378,1,0.0488,0.0753,0.0,0.0582,0.796,182.318,190554,4,6208662,76,https://i.scdn.co/image/ab6761610000e5eb9508af8df57e8aeb9ca50aeb,False,66
177,DJ Jeeh FDC,Puta Mexicana,4mD9hjoTckjeL1CrJCx0MT,83,2022,funk,0.853,0.913,9,0.963,1,0.0514,0.655,0.0235,0.0311,0.952,130.005,162461,4,162752,57,https://i.scdn.co/image/ab6761610000e5eb68beb7dfcfbdd4c60da168cd,True,65
178,Shawn Mendes,Treat You Better,3QGsuHI8jO1Rx4JWLUh9jd,83,2017,dance,0.444,0.819,10,-4.078,0,0.341,0.106,0.0,0.107,0.747,82.695,187973,4,45700057,81,https://i.scdn.co/image/ab6761610000e5eb58b4b9419486550f6fda0535,False,85
179,The Chainsmokers,Closer,7BKLCZ1jbUBVqRi2FVlTVw,83,2016,dance,0.748,0.524,8,-5.599,1,0.0338,0.414,0.0,0.111,0.661,95.01,244960,4,21357977,80,https://i.scdn.co/image/ab6761610000e5eb4567279fac84a0375c3d819b,False,86
180,The Chainsmokers,Something Just Like This,6RUKPb4LETWmmr3iAEQktW,83,2017,dance,0.617,0.635,11,-6.769,0,0.0317,0.0498,1.44e-05,0.164,0.446,103.019,247160,4,21357977,80,https://i.scdn.co/image/ab6761610000e5eb4567279fac84a0375c3d819b,False,86
181,Alec Benjamin,Let Me Down Slowly,2qxmye6gAegTMjLKEBoR3d,83,2018,electro,0.652,0.557,1,-5.714,0,0.0318,0.74,0.0,0.124,0.483,150.073,169354,4,5576552,72,https://i.scdn.co/image/ab6761610000e5eb5af962a543938243f083cbb9,False,81
182,"Tyler, The Creator",See You Again (feat. Kali Uchis),7KA4W4McWYRpgf0fWsJZWB,83,2017,hip-hop,0.558,0.559,6,-9.222,1,0.0959,0.371,7.49e-06,0.109,0.62,78.558,180387,4,24420596,86,https://i.scdn.co/image/ab6761610000e5ebdf2728294ff77dd11eeb18fb,True,88
183,Gesaffelstein,Lost in the Fire (feat. The Weeknd),2vXKRlJBXyOcvZYTdNeckS,83,2019,club,0.658,0.671,2,-12.21,1,0.0363,0.0933,0.000927,0.115,0.166,100.966,202093,4,1264476,70,https://i.scdn.co/image/ab6761610000e5ebd1b0c16bf77cfe30c09b4951,True,80
184,Kendrick Lamar,HUMBLE.,7KXjTSCq5nL1LoYtL7XAwS,83,2017,hip-hop,0.908,0.621,1,-6.638,0,0.102,0.000282,5.39e-05,0.0958,0.421,150.011,177000,4,44577310,89,https://i.scdn.co/image/ab6761610000e5eb39ba6dcd4355c03de0b50918,True,83
185,Imagine Dragons,Thunder,1zB4vmk8tFRmM9UULNzbLB,83,2017,rock,0.605,0.822,0,-4.833,1,0.0438,0.00671,0.134,0.147,0.288,167.997,187147,4,58364373,85,https://i.scdn.co/image/ab6761610000e5ebab47d8dae2b24f5afe7f9d38,False,84
186,NF,HOPE,12cZWGf5ZgLcKubEW9mx5q,83,2023,hip-hop,0.546,0.787,0,-4.023,0,0.212,0.396,0.0,0.0619,0.497,100.559,264473,3,11162039,76,https://i.scdn.co/image/ab6761610000e5eb1cf142a710a2f3d9b7a62da1,False,66
187,Drake,Spin Bout U,2ZL7WZcjuYKi1KUDtp4kCC,82,2022,hip-hop,0.773,0.701,7,-6.386,1,0.0512,0.01,0.0,0.163,0.203,129.963,214589,4,103039388,95,https://i.scdn.co/image/ab6761610000e5eb4293385d324db8558179afd9,True,75
188,Taylor Swift,All Of The Girls You Loved Before,4P9Q0GojKVXpRTJCaL3kyy,82,2019,pop,0.718,0.467,2,-9.66,1,0.0398,0.707,6.92e-05,0.126,0.396,95.96,221407,3,145396321,100,https://i.scdn.co/image/ab6761610000e5ebe2e8e7ff002a4afda1c7147e,False,71
189,Rihanna,Only Girl (In The World),2ENexcMEMsYk0rVJigVD3i,82,2010,pop,0.789,0.706,11,-4.233,0,0.0429,0.112,1.71e-05,0.0586,0.638,125.911,235493,4,68997177,90,https://i.scdn.co/image/ab6761610000e5ebcb565a8e684e3be458d329ac,False,85
190,Tiësto,The Motto,18asYwWugKjjsihZ0YvRxO,82,2021,dance,0.754,0.763,7,-4.627,0,0.0435,0.0301,2.23e-05,0.0901,0.464,117.953,164819,4,7978695,80,https://i.scdn.co/image/ab6761610000e5ebe84e08fb1dfa2bf9b5a61563,False,72
191,Adele,Easy On Me,0gplL1WMoJ6iYaPgMCL0gX,82,2021,pop,0.604,0.366,5,-7.519,1,0.0282,0.578,0.0,0.133,0.13,141.981,224695,4,66705650,83,https://i.scdn.co/image/ab6761610000e5eb68f6e5892075d7f22615bd17,False,78
192,Rels B,cómo dormiste?,3fjN3y5x4hN53rykAN2LHQ,82,2022,hip-hop,0.627,0.429,1,-8.255,1,0.234,0.238,0.0,0.122,0.565,126.426,112572,5,9995643,81,https://i.scdn.co/image/ab6761610000e5ebbf0eba7a7a19be9e0a5b2315,True,75
193,Eyedress,Jealous,1aXV8GrmQLvgoFtBPERP7E,82,2019,pop,0.474,0.921,9,-10.431,0,0.0457,0.00491,0.85,0.476,0.696,93.01,122339,4,2739431,69,https://i.scdn.co/image/ab6761610000e5ebb1693f731eacb1e3f294a120,False,77
194,Nicki Minaj,Red Ruby Da Sleeze,4ZYAU4A2YBtlNdqOUtc7T2,82,2023,dance,0.696,0.733,1,-6.181,1,0.256,0.115,0.0,0.111,0.292,98.355,214445,4,34293318,84,https://i.scdn.co/image/ab6761610000e5eb07a50f0a9a8f11e5a1102cbd,True,59
195,Coldplay,A Sky Full of Stars,0FDzzruyVECATHXKHFs9eJ,82,2014,pop,0.545,0.675,6,-6.474,1,0.0279,0.00617,0.00197,0.209,0.162,124.97,267867,4,60804949,88,https://i.scdn.co/image/ab6761610000e5eb1ba8fc5f5c73e7e9313cc6eb,False,85
196,Justin Bieber,Peaches (feat. Daniel Caesar & Giveon),4iJyoBOLtHqaGxP12qzhQI,82,2021,pop,0.677,0.696,0,-6.181,1,0.119,0.321,0.0,0.42,0.464,90.03,198082,4,85008100,91,https://i.scdn.co/image/ab6761610000e5ebaf20f7db5288bce9beede034,True,80
197,Joji,SLOW DANCING IN THE DARK,0rKtyWc8bvkriBthvHKY8d,82,2018,pop,0.515,0.479,3,-7.458,1,0.0261,0.544,0.00598,0.191,0.284,88.964,209274,4,10638942,80,https://i.scdn.co/image/ab6761610000e5eb3edc15142a264f1c61c3bc3c,True,5
198,Lana Del Rey,A&W,1wTopxO5eQBpxrBXPSbsUn,82,2023,pop,0.416,0.248,10,-14.62,1,0.14,0.647,0.427,0.113,0.134,161.667,433916,4,51773650,88,https://i.scdn.co/image/ab6761610000e5ebb99cacf8acd5378206767261,True,0
199,Rainbow Kitten Surprise,It's Called: Freefall,474uVhyGgK5MtY9gMcDgGl,82,2018,rock,0.744,0.516,2,-6.365,1,0.0513,0.632,0.0,0.605,0.281,97.944,152293,4,1370895,70,https://i.scdn.co/image/ab6761610000e5eb6a5725ec47b6d8c613099d74,True,79
200,Justin Bieber,Love Yourself,50kpGaPAhYJ3sGmk6vplg0,82,2015,pop,0.609,0.378,4,-9.828,1,0.438,0.835,0.0,0.28,0.515,100.418,233720,4,85008100,91,https://i.scdn.co/image/ab6761610000e5ebaf20f7db5288bce9beede034,False,85
201,Olivia Rodrigo,happier,2tGvwE8GcFKwNdAXMnlbfl,82,2021,pop,0.395,0.443,6,-9.72,1,0.133,0.765,9.67e-06,0.0839,0.338,168.924,175933,3,49050008,84,https://i.scdn.co/image/ab6761610000e5ebe03a98785f3658f0b6461ec4,True,83
202,Calvin Harris,Miracle (with Ellie Goulding),5eTaQYBE1yrActixMAeLcZ,82,2023,dance,0.636,0.869,9,-5.289,1,0.0412,0.0378,0.0446,0.0808,0.306,143.011,186496,4,23078238,84,https://i.scdn.co/image/ab6761610000e5eb1e4bcd2bef1896648762dd6b,False,71
203,Sleep Miracle,Brown Sleep Noise,5UBonaClAZVfzxJNn8nnhh,82,2020,sleep,0.0555,0.0837,1,-30.397,1,0.147,0.116,1.0,0.112,0.06,59.509,248000,4,292,55,https://i.scdn.co/image/ab67616d0000b273e876fddcc7bfc02b9aa5a36c,False,70
204,Farruko,Pepas,5fwSHlTEWpluwOM0Sxnh5k,82,2021,hip-hop,0.762,0.766,7,-3.955,1,0.0343,0.00776,6.98e-05,0.128,0.442,130.001,287120,4,17042139,82,https://i.scdn.co/image/ab6761610000e5eb69c46f8a2fe8114da9170aca,True,77
205,Lil Baby,Drip Too Hard (Lil Baby & Gunna),78QR3Wp35dqAhFEc2qAGjE,82,2018,hip-hop,0.897,0.662,1,-6.903,0,0.292,0.0852,0.0,0.534,0.389,112.511,145543,4,21644763,84,https://i.scdn.co/image/ab6761610000e5eb514da623c55dc9d2155705dd,True,79
206,Coldplay,Paradise,6nek1Nin9q48AVZcWs9e9D,82,2011,pop,0.449,0.585,5,-6.761,1,0.0268,0.0509,8.75e-05,0.0833,0.212,139.631,278719,4,60804949,88,https://i.scdn.co/image/ab6761610000e5eb1ba8fc5f5c73e7e9313cc6eb,False,84
207,Marshmello,Leave Before You Love Me (with Jonas Brothers),4qu63nuBpdn0qHUHuObEj1,82,2021,dance,0.721,0.738,7,-4.77,1,0.0403,0.00226,4.41e-06,0.118,0.637,119.976,154983,4,34476607,80,https://i.scdn.co/image/ab6761610000e5eb3b2498dc8a8c6eceed0a2db3,False,80
208,Lil Nas X,THATS WHAT I WANT,0e8nrvls4Qqv5Rfa2UhqmO,82,2021,hip-hop,0.737,0.846,1,-4.51,0,0.22,0.00614,0.0,0.0486,0.546,87.981,143901,4,12310527,71,https://i.scdn.co/image/ab6761610000e5eb3758a33e782b46bd7f174e1d,True,73
209,Udo Lindenberg,Komet,7oQepKHmXDaPC3rgeLRvQu,82,2023,german,0.55,0.5,7,-5.779,0,0.045,0.285,0.0,0.116,0.351,115.016,167357,4,933676,54,https://i.scdn.co/image/ab6761610000e5eb090cd1695ab229142c263105,False,67
210,Dua Lipa,Levitating (feat. DaBaby),5nujrmhLynf4yMoMtj8AQF,82,2020,dance,0.702,0.825,6,-3.787,0,0.0601,0.00883,0.0,0.0674,0.915,102.977,203064,4,46886554,85,https://i.scdn.co/image/ab6761610000e5eb0c68f6c95232e716f0abee8d,False,81
211,Ariana Grande,positions,35mvY5S1H3J2QZyna3TFe0,82,2020,dance,0.737,0.802,0,-4.771,1,0.0878,0.468,0.0,0.0931,0.682,144.015,172325,4,107374593,90,https://i.scdn.co/image/ab6761610000e5eb6725802588d7dc1aba076ca5,True,79
212,Coldplay,Hymn for the Weekend,3RiPr603aXAoi4GHyXx0uy,82,2015,pop,0.491,0.693,0,-6.487,0,0.0377,0.211,6.92e-06,0.325,0.412,90.027,258267,4,60804949,88,https://i.scdn.co/image/ab6761610000e5eb1ba8fc5f5c73e7e9313cc6eb,False,82
213,Nelly Furtado,Promiscuous,2gam98EZKrF9XuOkU13ApN,82,2006,dance,0.808,0.97,10,-6.098,0,0.0506,0.0569,6.13e-05,0.154,0.868,114.328,242293,4,4720951,77,https://i.scdn.co/image/ab6761610000e5ebd2ce0bf5614b54bd44e059d5,False,86
214,One Direction,What Makes You Beautiful,4cluDES4hQEUhmXj6TXkSo,82,2012,pop,0.726,0.787,4,-2.494,1,0.0737,0.009,0.0,0.0596,0.888,124.99,199987,4,40270893,83,https://i.scdn.co/image/5bb443424a1ad71603c43d67f5af1a04da6bb3c8,False,84
215,Matheus & Kauan,Não Vitalício (Nunca Mais) - Ao Vivo,4sqpSDnTrbS8v7RMNCUyqS,82,2023,sertanejo,0.418,0.925,1,-2.941,1,0.385,0.396,0.0,0.766,0.627,71.49,169836,4,13031657,78,https://i.scdn.co/image/ab6761610000e5ebd73644778d6848a6a8fd381b,False,57
216,Zé Neto & Cristiano,Oi Balde - Ao Vivo,3mzbab4H0iZYkHggSEj0UX,82,2023,sertanejo,0.67,0.668,2,-6.411,1,0.0459,0.601,0.0,0.803,0.552,107.995,159158,4,22748018,79,https://i.scdn.co/image/ab6761610000e5ebc76b86b0ae0aec212d7eea0f,False,63
217,System Of A Down,Chop Suey!,2DlHlPMa4M17kufBvI2lEN,82,2001,metal,0.417,0.934,7,-3.908,0,0.119,0.000278,0.0015,0.132,0.287,127.066,210240,4,13976718,80,https://i.scdn.co/image/ab6761610000e5eb60063d3451ade8f9fab397c2,False,85
218,Eminem,Love The Way You Lie,15JINEqzVMv3SvJTAXAKED,82,2010,hip-hop,0.749,0.925,10,-5.034,1,0.227,0.241,0.0,0.52,0.641,86.989,263373,4,104517308,88,https://i.scdn.co/image/ab6761610000e5eba00b11c129b27a88fc72f36b,True,85
219,Gusttavo Lima,Saudade da Minha Vida - Ao Vivo,51FFbyL0PjkYtjXJQP0JoP,82,2023,sertanejo,0.509,0.935,8,-3.627,1,0.0709,0.108,0.0,0.907,0.769,158.927,194850,4,23319109,78,https://i.scdn.co/image/ab6761610000e5eb08cacf062848b7318679b1b4,False,59
220,Morat,No Se Va,4khWEpnaijN0G1x019Uzdr,82,2018,pop,0.734,0.685,0,-5.37,1,0.0453,0.117,0.0,0.109,0.754,92.042,216753,4,13899238,79,https://i.scdn.co/image/ab6761610000e5eb3d53e852b5c27d3bc5aa3439,False,76
221,Harry Styles,Falling,1ZMiCix7XSAbfAJlEZWMCp,82,2019,pop,0.567,0.267,4,-6.502,1,0.0299,0.839,1.46e-06,0.089,0.0592,110.011,240133,4,34130771,80,https://i.scdn.co/image/ab6761610000e5ebf7db7c8ede90a019c54590bb,False,78
222,Måneskin,THE LONELIEST,1Ame8XTX6QHY0l0ahqUhgv,82,2022,indie-pop,0.519,0.595,2,-5.001,1,0.0283,0.00151,0.0,0.0762,0.237,129.786,247067,4,10636129,76,https://i.scdn.co/image/ab6761610000e5eb46d0db8a86fda630ec12401f,False,67
223,80purppp,Hex,7D7e6hm2LiNd6nLuJF6K9Q,82,2018,chill,0.845,0.398,5,-15.781,1,0.268,0.872,0.00713,0.159,0.482,109.996,122222,4,279086,61,https://i.scdn.co/image/ab6761610000e5ebe6b1a523ccf9346b8af87455,False,7
224,beabadoobee,Glue Song,3iBgrkexCzVuPy4O9vx7Mf,82,2023,indie-pop,0.62,0.409,1,-10.146,1,0.0282,0.77,0.0542,0.105,0.582,113.946,135067,3,6522709,78,https://i.scdn.co/image/ab6761610000e5ebe7c6cea0c83857388127fced,False,80
225,Eslabon Armado,Ella Baila Sola,3dnP0JxCgygwQH9Gm7q7nb,82,2023,sad,0.668,0.758,5,-5.176,0,0.0332,0.483,1.89e-05,0.0837,0.834,147.989,165671,3,6441389,75,https://i.scdn.co/image/ab6761610000e5ebefb9255bbd0acdcd6a32accb,False,75
226,Eminem,Stan,3UmaczJpikHgJFyBTAJVoz,82,2000,hip-hop,0.78,0.768,6,-4.325,0,0.238,0.0371,2.34e-06,0.518,0.507,80.063,404107,4,104517308,88,https://i.scdn.co/image/ab6761610000e5eba00b11c129b27a88fc72f36b,True,80
227,Travis Scott,goosebumps,6gBFPUFcJLzWGx4lenP6h2,82,2016,house,0.841,0.728,7,-3.37,1,0.0484,0.0847,0.0,0.149,0.43,130.049,243837,4,41107596,89,https://i.scdn.co/image/ab6761610000e5eb19c2790744c792d05570bb71,True,84
228,TOMORROW X TOGETHER,Sugar Rush Ride,0rhI6gvOeCKA502RdJAbfs,82,2023,k-pop,0.712,0.893,10,-3.995,0,0.0851,0.00788,0.0,0.169,0.828,125.022,186571,4,12020797,77,https://i.scdn.co/image/ab6761610000e5eb1c81416bbbfe539adb9d7050,False,66
229,Miley Cyrus,Jaded,3AAY8YicetRPlDAkibHLiS,82,2023,pop,0.496,0.593,4,-5.154,1,0.0285,0.0476,0.0,0.0909,0.177,91.038,185933,4,26558356,81,https://i.scdn.co/image/ab6761610000e5ebf4cccd14ec026038d713e353,True,1
230,keshi,LIMBO,2bdVgAQgosGUJoViVDNeOV,82,2022,chill,0.577,0.366,8,-11.792,1,0.0368,0.879,7.76e-05,0.137,0.0841,129.923,212785,4,4222489,74,https://i.scdn.co/image/ab6761610000e5eb3a0f8f319aeef1aa4115f5e8,True,72
231,Gorillaz,Feel Good Inc.,0d28khcov6AiegSCpG5TuT,82,2005,hip-hop,0.818,0.705,6,-6.679,1,0.177,0.00836,0.00233,0.613,0.772,138.559,222640,4,14498388,82,https://i.scdn.co/image/ab6761610000e5ebdd5b57b40cf2aaeccd07835e,False,89
232,girl in red,we fell in love in october,6IPwKM3fUUzlElbvKw2sKl,82,2018,indie-pop,0.566,0.366,7,-12.808,1,0.028,0.113,0.181,0.155,0.237,129.96,184154,4,8763286,73,https://i.scdn.co/image/ab6761610000e5eb1b15c2ad299fdcf864a09742,False,87
233,GAYLE,abcdefu,4fouWK6XVHhzl78KzQ1UjL,82,2021,pop,0.695,0.54,4,-5.692,1,0.0493,0.299,0.0,0.367,0.415,121.932,168602,4,668804,58,https://i.scdn.co/image/ab6761610000e5eb3f9b6ba687bc60385c7c34b5,True,72
234,Maiara & Maraisa,A Culpa É Nossa - Ao Vivo,7nwHsYxiuHo98dLI7UVkyn,82,2022,sertanejo,0.596,0.85,11,-4.528,1,0.0523,0.608,0.0,0.41,0.531,138.057,165000,4,14734411,70,https://i.scdn.co/image/ab6761610000e5eb1e6bb2217bfd6a497a908246,False,56
235,Frank Ocean,Lost,3GZD6HmiNUhxXYf8Gch723,82,2012,hip-hop,0.913,0.603,8,-4.892,1,0.226,0.0272,0.000503,0.167,0.497,123.061,234093,4,20280852,83,https://i.scdn.co/image/ab6761610000e5ebee3123e593174208f9754fab,True,82
236,Sam Smith,Stay With Me,5Nm9ERjJZ5oyfXZTECKmRt,82,2014,pop,0.418,0.42,0,-6.444,1,0.0414,0.588,6.39e-05,0.11,0.184,84.094,172724,4,26272346,81,https://i.scdn.co/image/ab6761610000e5eb3262e01b79152c4f8007f3ac,False,82
237,Billie Eilish,Bored,04sN26COy28wTXYj3dMoiZ,82,2017,electro,0.614,0.318,7,-12.695,1,0.0478,0.896,0.00239,0.0795,0.112,119.959,180933,4,118692183,90,https://i.scdn.co/image/ab6761610000e5eb4a21b4760d2ecb7b0dcdc8da,False,79
238,Patrick Watson,Je te laisserai des mots,0V5cvmTKsYmF5FmGGEAfmS,82,2010,folk,0.303,0.187,2,-16.757,1,0.0356,0.989,0.489,0.101,0.213,132.731,160853,4,919272,70,https://i.scdn.co/image/ab6761610000e5eb99cb259c9e15f82dd933b9c2,False,6
239,Bruno Mars,That's What I Like,0KKkJNfGyhkQ5aFogxQAPU,82,2016,dance,0.853,0.56,1,-4.961,1,0.0406,0.013,0.0,0.0944,0.86,134.066,206693,4,75455093,89,https://i.scdn.co/image/ab6761610000e5ebc36dd9eb55fb0db4911f25dd,False,87
240,Imanbek,Belly Dancer,7fZBQnc0zXwVybgCIrQQil,82,2022,dance,0.845,0.797,1,-4.984,1,0.139,0.0582,5.57e-06,0.167,0.422,121.985,151475,4,277232,66,https://i.scdn.co/image/ab6761610000e5ebd773fade50b148f70662c783,False,76
241,Calvin Harris,This Is What You Came For,0azC730Exh71aQlOt9Zj3y,82,2016,dance,0.631,0.927,9,-2.787,0,0.0332,0.199,0.119,0.148,0.465,123.962,222160,4,23078238,84,https://i.scdn.co/image/ab6761610000e5eb1e4bcd2bef1896648762dd6b,False,78
242,Matt Sassari,Give It To Me - Full Vocal Mix,5ZduaRci3iNUiDfJbBfAaf,82,2021,french,0.874,0.869,1,-5.996,0,0.0315,0.00116,0.00238,0.164,0.726,126.027,102861,4,120873,66,https://i.scdn.co/image/ab6761610000e5eb6f05cd4df564a355966e110b,False,77
243,Paloma Faith,Only Love Can Hurt Like This,62ke5zFUJN6RvtXZgVH0F8,82,2014,dance,0.566,0.885,8,-4.528,1,0.0818,0.0958,9.97e-05,0.334,0.304,90.99,232893,4,1499294,64,https://i.scdn.co/image/ab6761610000e5eb7265a79cf26c2e4b3fed8d66,False,80
244,Childish Gambino,Me and Your Mama,4AFsRbaLKRWo3dDtjDFA2V,82,2016,hip-hop,0.545,0.442,5,-12.111,1,0.0352,0.0104,0.0271,0.0664,0.242,118.073,379227,3,14557537,78,https://i.scdn.co/image/ab6761610000e5ebc3dc5429b676b16d451e5f77,False,6
245,Morgan Wallen,Wasted On You,3cBsEDNhFI9E82vPj3kvi3,82,2021,country,0.505,0.657,11,-5.24,0,0.0318,0.373,0.00107,0.126,0.252,196.0,178520,3,13992482,88,https://i.scdn.co/image/ab6761610000e5eb4245b1652fcc23f2b76ccd07,False,34
246,Morgan Wallen,Ain’t That Some,2YVlDlk2zRceefo6XlC6DX,82,2023,country,0.641,0.803,6,-5.781,0,0.0286,0.00232,3.86e-06,0.361,0.671,121.086,158004,4,13992482,88,https://i.scdn.co/image/ab6761610000e5eb4245b1652fcc23f2b76ccd07,True,31
247,Morgan Wallen,Thinkin’ Bout Me,0PAcdVzhPO4gq1Iym9ESnK,82,2023,country,0.656,0.757,3,-5.775,0,0.0308,0.492,0.0,0.117,0.429,139.971,177388,4,13992482,88,https://i.scdn.co/image/ab6761610000e5eb4245b1652fcc23f2b76ccd07,False,36
248,DJ Snake,Let Me Love You,0lYBSQXN6rCTvUZvg9S0lU,82,2016,dance,0.649,0.716,8,-5.371,1,0.0349,0.0863,2.63e-05,0.135,0.163,99.988,205947,4,9277034,77,https://i.scdn.co/image/ab6761610000e5eb7e57e2ed9b787ba5773b7cb9,False,86
249,Rauw Alejandro,LOKERA,79HZAZNnOE97rb2hnI0XQr,82,2022,pop,0.834,0.828,11,-2.657,0,0.0452,0.21,5.91e-06,0.103,0.58,102.019,195294,4,31082805,88,https://i.scdn.co/image/ab6761610000e5eb43ea45ccf08451d2511d33fa,True,65
250,Labrinth,Formula,6EtKlIQmGPB9SX8UjDJG5s,82,2019,indie-pop,0.574,0.664,11,-6.068,1,0.0409,0.0448,0.0553,0.146,0.226,144.654,91870,4,3634221,73,https://i.scdn.co/image/ab6761610000e5ebe06bc05ace04b055edeeff8d,False,75
251,Coldplay,My Universe,3FeVmId7tL5YN8B7R3imoM,82,2021,pop,0.588,0.701,9,-6.39,1,0.0402,0.00813,0.0,0.2,0.443,104.988,228000,4,60804949,88,https://i.scdn.co/image/ab6761610000e5eb1ba8fc5f5c73e7e9313cc6eb,False,73
252,Ed Sheeran,Celestial,4zrKN5Sv8JS5mqnbVcsul7,82,2022,pop,0.574,0.852,2,-1.248,1,0.0397,0.0529,0.0,0.161,0.501,123.038,209027,4,122773292,88,https://i.scdn.co/image/ab6761610000e5ebd55c95ad400aed87da52daec,False,67
253,Rema,Calm Down,6hgoYQDUcPyCz7LcTUHKxa,82,2022,pop,0.811,0.781,11,-6.333,1,0.0428,0.376,0.001,0.121,0.824,107.007,219813,4,8652401,76,https://i.scdn.co/image/ab6761610000e5ebcd9d661b6955241f33ef8a0a,False,69
254,Maroon 5,Maps,4gbVRS8gloEluzf0GzDOFc,82,2014,pop,0.742,0.713,1,-5.522,0,0.0303,0.0205,0.0,0.059,0.879,120.032,189960,4,45764832,85,https://i.scdn.co/image/ab6761610000e5ebf8349dfb619a7f842242de77,False,84
255,Childish Gambino,Redbone,0WtDGnWL2KrMCk0mI1Gpwz,82,2016,hip-hop,0.745,0.353,1,-10.614,1,0.0983,0.174,0.00662,0.118,0.598,160.111,326933,4,14557537,78,https://i.scdn.co/image/ab6761610000e5ebc3dc5429b676b16d451e5f77,True,8
256,Vishal-Shekhar,"Besharam Rang (From ""Pathaan"")",0CtZpaOhtzvLV3FfcsVpQo,82,2022,pop,0.773,0.795,8,-5.537,0,0.0412,0.0587,0.00237,0.154,0.649,115.997,258474,4,15988930,78,https://i.scdn.co/image/ab6761610000e5eb90b6c3d093f9b02aad628eaf,False,66
257,Junior H,El Hijo Mayor,1RGlfmdvcfatN0ZLOmzanS,82,2022,sad,0.571,0.567,8,-6.873,1,0.0994,0.431,0.0,0.129,0.967,165.332,196500,3,28178187,87,https://i.scdn.co/image/ab6761610000e5eb5fbe9b7dc7d9a2295bd6022c,True,76
258,Lizzo,About Damn Time,1PckUlxKqWQs3RlWXVBLw3,82,2022,dance,0.836,0.743,10,-6.305,0,0.0656,0.0995,0.0,0.335,0.722,108.966,191822,4,5739313,68,https://i.scdn.co/image/ab6761610000e5eb2f0129f850e50486a7c849b8,True,8
259,Junior H,Los Botones Azules,3ZGkdrigbWXLgHungXfZkt,82,2022,sad,0.784,0.737,5,-2.174,1,0.0758,0.0877,0.0,0.1,0.623,97.5,135612,3,28178187,87,https://i.scdn.co/image/ab6761610000e5eb5fbe9b7dc7d9a2295bd6022c,False,73
260,XXXTENTACION,Everybody Dies In Their Nightmares,3GVkPk8mqxz0itaAriG1L7,82,2017,emo,0.734,0.57,7,-7.066,0,0.133,0.847,2.14e-05,0.112,0.689,129.953,95467,4,51710210,83,https://i.scdn.co/image/ab6761610000e5ebf0c20db5ef6c6fbe5135d2e4,True,77
261,XXXTENTACION,Jocelyn Flores,7m9OqQk4RVRkw9JJdeAw96,82,2017,emo,0.872,0.391,0,-9.144,0,0.242,0.469,4.13e-06,0.297,0.437,134.021,119133,4,51710210,83,https://i.scdn.co/image/ab6761610000e5ebf0c20db5ef6c6fbe5135d2e4,True,78
262,Mac DeMarco,Chamber Of Reflection,7H7NyZ3G075GqPx2evsfeb,82,2014,edm,0.538,0.557,11,-8.678,1,0.0914,0.262,0.914,0.102,0.506,131.03,231724,4,7990625,79,https://i.scdn.co/image/ab6761610000e5ebc9aca5b6d4c528caf75e8a1d,False,82
263,Offset,Ric Flair Drip (with Metro Boomin),7sO5G9EABYOXQKNPNiE9NR,81,2017,hip-hop,0.88,0.428,9,-8.28,1,0.206,0.149,5.05e-05,0.114,0.333,100.007,172800,4,5608618,77,https://i.scdn.co/image/ab6761610000e5eb0f794f3394223026afa7776d,True,81
264,Tiësto,Don't Be Shy,0bI7K9Becu2dtXK1Q3cZNB,81,2021,dance,0.77,0.787,11,-3.748,0,0.0583,0.198,0.0,0.262,0.513,119.986,140500,4,7978695,80,https://i.scdn.co/image/ab6761610000e5ebe84e08fb1dfa2bf9b5a61563,True,71
265,Fuerza Regida,Igualito a Mi Apá,17js0w8GTkTUFGFM6PYvBd,81,2022,sad,0.758,0.812,4,-3.272,0,0.0854,0.188,0.0,0.0564,0.795,144.908,166821,4,19735177,89,https://i.scdn.co/image/ab6761610000e5eb158a3d24a31166b983e26325,True,72
266,Carin Leon,No Es Por Acá,3bvJftZKZe5QKz433NczyV,81,2022,sad,0.746,0.37,2,-6.309,1,0.0306,0.456,0.0,0.106,0.595,97.568,167692,3,111,23,,False,0
267,JIN,The Astronaut,0h7QMc9ZRzA9QJrbEHytn2,81,2022,k-pop,0.54,0.761,5,-5.356,1,0.0311,0.00446,2.5e-06,0.137,0.215,124.988,282463,4,9703374,80,https://i.scdn.co/image/ab6761610000e5eb88d8bdd33e8395f94af933b7,False,69
268,The Weeknd,Can't Feel My Face,22VdIZQfgXJea34mQxlt81,81,2015,pop,0.705,0.769,9,-5.526,0,0.0425,0.113,0.0,0.105,0.583,107.949,213520,4,112918137,93,https://i.scdn.co/image/ab6761610000e5eb9e528993a2820267b97f6aae,False,83
269,Eliza Rose,B.O.T.A. (Baddest Of Them All) - Edit,39JofJHEtg8I4fSyo7Imft,81,2022,house,0.736,0.906,0,-7.589,1,0.048,0.164,0.585,0.106,0.698,137.001,226627,4,73102,54,https://i.scdn.co/image/ab6761610000e5eba6315c9b0cbb1439513f3b16,False,70
270,Kali Uchis,Melting,2kSb3wYSOV996xA2NSmpck,81,2015,pop,0.574,0.479,8,-7.776,1,0.0355,0.179,0.0803,0.106,0.303,115.263,208854,4,9469943,83,https://i.scdn.co/image/ab6761610000e5eb6a5bff9f9278d4eea13bb67e,False,78
271,ACRAZE,Do It To It,20on25jryn53hWghthWWW3,81,2021,dance,0.854,0.806,11,-8.262,0,0.0886,0.0209,0.0542,0.0703,0.637,124.927,157890,4,156604,59,https://i.scdn.co/image/ab6761610000e5eb5662c8be5f5e8e8ddd9f9aa2,False,66
272,Kendrick Lamar,LOVE. FEAT. ZACARI.,6PGoSes0D9eUDeeAafB2As,81,2017,hip-hop,0.8,0.585,10,-7.343,1,0.0924,0.264,0.0,0.153,0.779,126.058,213400,4,44577310,89,https://i.scdn.co/image/ab6761610000e5eb39ba6dcd4355c03de0b50918,False,82
273,Kendrick Lamar,PRIDE.,6IZvVAP7VPPnsGX6bvgkqg,81,2017,hip-hop,0.665,0.535,4,-7.056,0,0.0572,0.0786,1.68e-05,0.154,0.37,138.842,275253,4,44577310,89,https://i.scdn.co/image/ab6761610000e5eb39ba6dcd4355c03de0b50918,True,81
274,Drake,Passionfruit,5mCPDVBb16L4XQwDdbRUpz,81,2017,hip-hop,0.809,0.463,11,-11.377,1,0.0396,0.256,0.085,0.109,0.364,111.98,298941,4,103039388,95,https://i.scdn.co/image/ab6761610000e5eb4293385d324db8558179afd9,True,85
275,Future,Mask Off,0VgkVdmE4gld66l8iyGjgx,81,2017,hip-hop,0.833,0.434,2,-8.795,1,0.431,0.0102,0.0219,0.165,0.281,150.062,204600,4,22675640,88,https://i.scdn.co/image/ab6761610000e5eb7565b356bc9d9394eefa2ccb,True,80
276,Brent Faiyaz,ALL MINE,3XgGQ1wjo5khvq2UImjyNF,81,2022,hip-hop,0.617,0.378,9,-8.54,1,0.0315,0.428,9.16e-05,0.11,0.22,141.967,216063,4,7897022,80,https://i.scdn.co/image/ab6761610000e5eb2af1d912483f27af21eba49f,True,76
277,Mark Ronson,Uptown Funk (feat. Bruno Mars),32OlwWuMpZ6b0aN2RZOeMS,81,2015,pop,0.856,0.609,0,-7.223,1,0.0824,0.00801,8.15e-05,0.0344,0.928,114.988,269667,4,1294030,74,https://i.scdn.co/image/ab6761610000e5eb105cc9628c315b29d299fbb4,False,83
278,Rihanna,Bitch Better Have My Money,0NTMtAO2BV4tnGvw9EgBVq,81,2015,pop,0.781,0.728,1,-4.981,1,0.0621,0.0509,1.94e-06,0.257,0.395,102.99,219306,4,68997177,90,https://i.scdn.co/image/ab6761610000e5ebcb565a8e684e3be458d329ac,True,73
279,Feid,Prohibidox,3PpWCS95gDUDRPko3u1MZ9,81,2022,pop,0.647,0.801,1,-2.946,0,0.249,0.0451,0.0,0.0628,0.517,180.108,166253,4,18885687,86,https://i.scdn.co/image/ab6761610000e5eb600ee3d2a14da8d038fa7bbf,False,69
280,Billie Eilish,bad guy,2Fxmhks0bxGSBdJ92vM42m,81,2019,electro,0.701,0.425,7,-10.965,1,0.375,0.328,0.13,0.1,0.562,135.128,194088,4,118692183,90,https://i.scdn.co/image/ab6761610000e5eb4a21b4760d2ecb7b0dcdc8da,False,82
281,IVE,After LIKE,2gYj9lubBorOPIVWsTXugG,81,2022,k-pop,0.68,0.922,0,-1.215,1,0.121,0.103,0.0,0.0877,0.799,125.014,176973,4,6241816,71,https://i.scdn.co/image/ab6761610000e5eba9c8608865ca7eded5520359,False,71
282,Naiara Azevedo,Palhaça - Ao Vivo,0KXdSF0Poa57KOepZ3hKrh,81,2023,funk,0.893,0.829,0,-5.098,0,0.151,0.518,8.69e-06,0.0979,0.498,146.062,159530,4,7691342,52,https://i.scdn.co/image/ab6761610000e5eb0ccc7ceffb4b71d1d772c4e5,False,56
283,Lewis Capaldi,Forget Me,5uSFGgIfHMT3osrAd9n9ym,81,2022,pop,0.669,0.742,1,-3.518,0,0.0441,0.296,0.0,0.355,0.716,101.982,203472,4,14039018,79,https://i.scdn.co/image/ab6761610000e5ebdc9e707b0d0e591e08d3f549,False,2
284,Selena Gomez,Lose You To Love Me,4l0Mvzj72xxOpRrp6h8nHi,81,2020,pop,0.488,0.343,4,-8.985,1,0.0436,0.556,0.0,0.21,0.0978,102.819,206459,4,53260584,81,https://i.scdn.co/image/ab6761610000e5eb815e520e3ce7fe210046ba66,False,77
285,Tate McRae,you broke me first,45bE4HXI0AwGZXfZtMp8JR,81,2020,pop,0.667,0.373,4,-9.389,1,0.05,0.785,0.0,0.0906,0.0823,124.148,169266,4,9241516,88,https://i.scdn.co/image/ab6761610000e5eb5f2d104955a32b1334951632,True,5
286,Foster The People,Pumped Up Kicks,7w87IxuO7BDcJ3YUqCyMTT,81,2011,rock,0.733,0.71,5,-5.849,0,0.0292,0.145,0.115,0.0956,0.965,127.975,239600,4,4025612,70,https://i.scdn.co/image/ab6761610000e5eb22b8e662f0cfdddac8ab22bb,False,84
287,Taylor Swift,august,3hUxzQpSfdDqwM3ZTFQY0K,81,2020,pop,0.532,0.623,5,-9.208,1,0.0331,0.538,7.28e-05,0.0925,0.403,89.937,261923,4,145396321,100,https://i.scdn.co/image/ab6761610000e5ebe2e8e7ff002a4afda1c7147e,False,85
288,WALK THE MOON,Shut Up and Dance,4kbj5MwxO1bq9wjT5g9HaA,81,2014,alt-rock,0.578,0.866,1,-3.804,1,0.0619,0.00701,0.0,0.257,0.619,128.038,199080,4,2239883,65,https://i.scdn.co/image/ab6761610000e5ebab9610e36fae856c0fd9b46b,False,82
289,Yuridia,Qué Agonía,5WEt9MiZPNmCbhu8GOR9Kk,81,2022,pop,0.732,0.573,11,-5.733,1,0.0237,0.56,9.34e-06,0.0543,0.882,97.502,152923,4,5770179,71,https://i.scdn.co/image/ab6761610000e5eb536bd31ff8011be5430502cd,False,66
290,Yot Club,YKWIM?,2vWBUC9djv6BtiGlmKiQaH,81,2019,pop,0.372,0.537,9,-7.623,1,0.0305,0.937,0.873,0.287,0.228,123.735,212750,3,686002,61,https://i.scdn.co/image/ab6761610000e5eb76aafec5ad3961953bf3595f,False,77
291,MC Ryan SP,Namora Aí,1ACALdBWViTpLBC14Ecv8E,81,2022,funk,0.556,0.659,11,-0.845,0,0.0942,0.148,0.0,0.294,0.754,86.634,148615,4,7653372,80,https://i.scdn.co/image/ab6761610000e5eb5751de055799e71658c49655,False,53
292,Kali Uchis,telepatía,6tDDoYIxWvMLTdKpjFkc1B,81,2020,pop,0.653,0.524,11,-9.016,0,0.0502,0.112,0.0,0.203,0.553,83.97,160191,4,9469943,83,https://i.scdn.co/image/ab6761610000e5eb6a5bff9f9278d4eea13bb67e,False,82
293,Powfu,death bed (coffee for your head),7eJMfftS33KTjuF7lTsMCx,81,2020,chill,0.726,0.431,8,-8.765,0,0.135,0.731,0.0,0.696,0.348,144.026,173333,4,1473616,66,https://i.scdn.co/image/ab6761610000e5eb0440c749b98a38d5ea707d7a,False,81
294,Liana Flores,rises the moon,51Grh1RyUDcMBbpuyUIUHI,81,2019,indie-pop,0.483,0.129,5,-20.149,0,0.0349,0.947,0.145,0.106,0.203,137.35,161929,3,683048,64,https://i.scdn.co/image/ab6761610000e5eb6c1f703864a0d99d0ba56fe4,False,81
295,JAY-Z,Empire State Of Mind,2igwFfvr1OAGX9SKDCPBwO,81,2009,hip-hop,0.491,0.956,11,-1.538,1,0.392,0.0295,0.0,0.46,0.811,173.585,276920,4,10371098,82,https://i.scdn.co/image/ab6761610000e5ebc75afcd5a9027f60eaebb5e4,True,84
296,Bryson Tiller,Don't,3pXF1nA74528Edde4of9CC,81,2015,hip-hop,0.765,0.356,11,-5.556,0,0.195,0.223,0.0,0.0963,0.189,96.991,198293,4,10564033,80,https://i.scdn.co/image/ab6761610000e5ebb0ff28b9d4bed74c66901b2b,True,83
297,Capital Cities,Safe And Sound,6Z8R6UsFuGXGtiIxiD8ISb,81,2013,rock,0.655,0.819,0,-4.852,1,0.0316,0.000176,0.00374,0.104,0.766,117.956,192790,5,996489,65,https://i.scdn.co/image/ab6761610000e5ebbd88e9240bca1b3dd261b6e3,False,13
298,TWICE,MOONLIGHT SUNRISE,5NcLyVjUgG0yfwHgr5t81w,81,2023,k-pop,0.749,0.781,1,-3.265,1,0.0578,0.392,2.12e-06,0.086,0.606,125.09,180320,4,23326731,83,https://i.scdn.co/image/ab6761610000e5eb3d8820046fd455b38d644864,False,60
299,Don Omar,Dile,69Ej1xrGjOcHvIMtMKxK0G,81,2003,hip-hop,0.817,0.714,4,-7.501,0,0.141,0.184,0.000132,0.042,0.714,94.001,204600,4,16325486,82,https://i.scdn.co/image/ab6761610000e5ebc9154bd840cd45e769c4e480,False,83
300,Ariana Grande,One Last Time,7xoUc6faLbCqZO6fQEYprd,81,2014,dance,0.628,0.593,8,-5.036,1,0.0323,0.093,1.65e-06,0.096,0.104,125.026,197267,4,107374593,90,https://i.scdn.co/image/ab6761610000e5eb6725802588d7dc1aba076ca5,False,85
301,Drake,Pussy & Millions (feat. Travis Scott),2KLwPaRDOB87XOYAT2fgxh,81,2022,hip-hop,0.749,0.63,4,-6.652,0,0.116,0.0623,0.0,0.353,0.445,122.03,242027,4,103039388,95,https://i.scdn.co/image/ab6761610000e5eb4293385d324db8558179afd9,True,69
302,Junior H,COLOGNE,1ULnQ2yn5LeQX4LrROm1RD,81,2022,sad,0.765,0.683,5,-5.301,0,0.0625,0.226,0.0,0.108,0.536,137.02,225306,4,28178187,87,https://i.scdn.co/image/ab6761610000e5eb5fbe9b7dc7d9a2295bd6022c,True,74
303,Doja Cat,Streets,60ynsPSSKe6O3sfwRnIBRf,81,2019,dance,0.749,0.463,11,-8.433,1,0.0842,0.21,0.0382,0.338,0.189,90.035,226987,4,34735147,86,https://i.scdn.co/image/ab6761610000e5eb8a0644455ebfa7d3976f5101,True,83
304,Lil Nas X,INDUSTRY BABY (feat. Jack Harlow),27NovPIUIRrOZoCHxABJwK,81,2021,hip-hop,0.736,0.704,3,-7.409,0,0.0615,0.0203,0.0,0.0501,0.894,149.995,212000,4,12310527,71,https://i.scdn.co/image/ab6761610000e5eb3758a33e782b46bd7f174e1d,True,73
305,Lana Del Rey,Young And Beautiful,2nMeu6UenVvwUktBCpLMK9,81,2013,pop,0.324,0.416,11,-8.92,0,0.0368,0.262,3.69e-05,0.11,0.151,113.986,236053,4,51773650,88,https://i.scdn.co/image/ab6761610000e5ebb99cacf8acd5378206767261,False,87
306,Jorge & Mateus,5 Regras - Ao Vivo,3gCWngngUs1uojw33vrE8K,81,2022,sertanejo,0.761,0.574,11,-8.196,1,0.0675,0.78,0.0,0.459,0.605,124.185,161470,4,24025189,80,https://i.scdn.co/image/ab6761610000e5eb77937baabc49dea13c17c706,False,60
307,Jaymes Young,Infinity,1SOClUWhOi8vHZYMz3GluK,81,2017,indie-pop,0.671,0.673,11,-6.941,0,0.0444,0.148,5.29e-05,0.304,0.494,121.963,237720,4,1041835,64,https://i.scdn.co/image/ab6761610000e5eb87528aedec4b8d5586768014,False,78
308,Dua Lipa,Levitating,39LLxExYz6ewLAcYrzQQyP,81,2020,dance,0.695,0.884,6,-2.278,0,0.0753,0.0561,0.0,0.213,0.914,103.014,203808,4,46886554,85,https://i.scdn.co/image/ab6761610000e5eb0c68f6c95232e716f0abee8d,False,79
309,Avicii,Waiting For Love,2P4OICZRVAQcYAV2JReRfj,81,2015,edm,0.579,0.736,6,-3.863,0,0.0527,0.31,0.0,0.198,0.613,127.999,230613,4,23434221,79,https://i.scdn.co/image/ab6761610000e5ebae07171f989fb39736674113,False,81
310,Drake,Knife Talk (with 21 Savage ft. Project Pat),2BcMwX1MPV6ZHP4tUT9uq6,81,2021,hip-hop,0.849,0.424,5,-9.579,0,0.324,0.0635,0.0,0.0834,0.153,145.887,242966,4,103039388,95,https://i.scdn.co/image/ab6761610000e5eb4293385d324db8558179afd9,True,74
311,Måneskin,I WANNA BE YOUR SLAVE,4pt5fDVTg5GhEvEtlz9dKk,81,2021,indie-pop,0.75,0.608,1,-4.008,1,0.0387,0.00165,0.0,0.178,0.958,132.507,173347,4,10636129,76,https://i.scdn.co/image/ab6761610000e5eb46d0db8a86fda630ec12401f,True,81
312,Lady Gaga,Always Remember Us This Way,2rbDhOo9Fh61Bbu23T2qCk,81,2018,dance,0.553,0.502,0,-5.972,1,0.0409,0.299,0.0,0.764,0.296,129.976,210200,4,42237551,88,https://i.scdn.co/image/ab6761610000e5ebaadc18cac8d48124357c38e6,False,84
313,Sam Smith,Too Good At Goodbyes,1mXVgsBdtIVeCLJnSnmtdV,81,2017,pop,0.681,0.372,5,-8.237,1,0.0432,0.64,0.0,0.169,0.476,91.873,201000,4,26272346,81,https://i.scdn.co/image/ab6761610000e5eb3262e01b79152c4f8007f3ac,False,82
314,Charlie Puth,Attention,5cF0dROlMOK5uNZtivgu50,81,2018,dance,0.775,0.613,3,-4.586,0,0.0542,0.109,2.33e-05,0.134,0.797,100.066,208787,4,25301942,79,https://i.scdn.co/image/ab6761610000e5eb6721f541fb123145d4cb3ace,False,87
315,Travis Scott,SICKO MODE,2xLMifQCjDGFmkHkpNLD9h,81,2018,house,0.834,0.73,8,-3.714,1,0.222,0.00513,0.0,0.124,0.446,155.008,312820,4,41107596,89,https://i.scdn.co/image/ab6761610000e5eb19c2790744c792d05570bb71,True,82
316,PARTYNEXTDOOR,Break from Toronto,5fEB6ZmVkg63GZg9qO86jh,81,2013,pop,0.595,0.678,9,-5.18,1,0.0335,0.0199,0.00389,0.418,0.259,117.067,99213,4,10103479,83,https://i.scdn.co/image/ab6761610000e5eb957320981e31e862bc2fb844,True,82
317,Morgan Wallen,You Proof,5uU1uuyaUIBOiiUSQG7Wl3,81,2022,country,0.731,0.85,9,-4.913,1,0.0336,0.252,0.0,0.605,0.644,119.706,157478,4,13992482,88,https://i.scdn.co/image/ab6761610000e5eb4245b1652fcc23f2b76ccd07,False,23
318,Charlie Puth,Left and Right (Feat. Jung Kook of BTS),0mBP9X2gPCuapvpZ7TGDk3,81,2022,dance,0.881,0.592,2,-4.898,1,0.0324,0.619,1.32e-05,0.0901,0.719,101.058,154487,4,25301942,79,https://i.scdn.co/image/ab6761610000e5eb6721f541fb123145d4cb3ace,False,67
319,Matheus & Kauan,Pactos - Ao Vivo,2M4kQD87lKnAS9vFlb4Bez,81,2022,sertanejo,0.565,0.889,1,-2.976,1,0.0498,0.582,0.0,0.427,0.473,121.778,183695,4,13031657,78,https://i.scdn.co/image/ab6761610000e5ebd73644778d6848a6a8fd381b,False,68
320,George Ezra,Green Green Grass,4N5s8lPTsjI9EGP7K4SXzB,81,2022,folk,0.685,0.738,8,-4.413,1,0.0595,0.0695,0.0,0.128,0.8,112.972,167614,4,4312223,68,https://i.scdn.co/image/ab6761610000e5ebbe936a26ceb9cbbdec7df15b,False,69
321,Marshmello,Happier,2dpaYNEQHiRxtZbfNsse99,81,2018,dance,0.687,0.792,5,-2.749,1,0.0452,0.191,0.0,0.167,0.671,100.015,214290,4,34476607,80,https://i.scdn.co/image/ab6761610000e5eb3b2498dc8a8c6eceed0a2db3,False,10
322,Tainy,Lo Siento BB:/ (with Bad Bunny & Julieta Venegas),4gzsuuZypVbxs0Af1LSZyB,81,2021,hip-hop,0.639,0.703,4,-6.33,0,0.0794,0.0889,1.78e-06,0.0865,0.138,169.888,207301,4,3381891,77,https://i.scdn.co/image/ab6761610000e5eba0d42a558309507a6a3b3311,False,70
323,French Montana,Unforgettable,3B54sVLJ402zGa6Xm4YGNe,81,2017,hip-hop,0.726,0.769,6,-5.043,1,0.123,0.0293,0.0101,0.104,0.733,97.985,233902,4,5838449,73,https://i.scdn.co/image/ab6761610000e5ebadb2f8e09c3e3171956aafe4,True,85
324,Playboi Carti,Sky,29TPjc8wxfz4XMn21O7VsZ,81,2020,hip-hop,0.785,0.903,2,-4.184,1,0.21,0.258,0.0,0.169,0.565,139.98,193234,4,15021860,86,https://i.scdn.co/image/ab6761610000e5ebba50ca67ffc3097f6ea1710a,True,79
325,NewJeans,Cookie,2DwUdMJ5uxv20EhAildreg,81,2022,k-pop,0.847,0.638,0,-3.764,1,0.0575,0.0596,0.0,0.0894,0.661,156.935,235562,4,11604181,77,https://i.scdn.co/image/ab6761610000e5eb80668ba2b15094d083780ea9,False,72
326,Eminem,Godzilla (feat. Juice WRLD),7FIWs0pqAYbP91WWM0vlTQ,81,2020,hip-hop,0.808,0.745,10,-5.26,0,0.342,0.145,0.0,0.292,0.829,165.995,210800,4,104517308,88,https://i.scdn.co/image/ab6761610000e5eba00b11c129b27a88fc72f36b,True,80
327,Mitski,Washing Machine Heart,3jjsRKEsF42ccXf8kWR3nu,81,2018,indie-pop,0.613,0.822,9,-4.087,1,0.026,0.0092,0.506,0.429,0.567,105.997,128199,4,11034315,78,https://i.scdn.co/image/ab6761610000e5eb4bdb3888818637acb71c4a13,False,82
328,Lil Baby,Pure Cocaine,577YBGuskWkVDCxZrLRB4v,81,2018,hip-hop,0.964,0.487,10,-6.071,0,0.421,0.00127,6.57e-06,0.115,0.107,127.05,154024,4,21644763,84,https://i.scdn.co/image/ab6761610000e5eb514da623c55dc9d2155705dd,True,78
329,Marshmello,Numb,10xV5l9nhLvFpR8mqzs0bL,81,2022,dance,0.912,0.774,0,-4.673,0,0.0455,0.121,0.0127,0.101,0.632,119.966,155589,4,34476607,80,https://i.scdn.co/image/ab6761610000e5eb3b2498dc8a8c6eceed0a2db3,False,70
330,Sia,Unstoppable,1yvMUkIOTeUNtNWlWRgANS,81,2016,dance,0.468,0.779,9,-4.839,1,0.0779,0.112,0.000373,0.101,0.26,173.799,217747,4,30541347,82,https://i.scdn.co/image/ab6761610000e5eb64db06dfda27bb045bc1c2f5,False,78
331,Lana Del Rey,Doin' Time,0Oqc0kKFsQ6MhFOLBNZIGX,81,2019,pop,0.641,0.559,7,-11.132,0,0.0355,0.404,0.00402,0.0937,0.523,144.982,202193,4,51773650,88,https://i.scdn.co/image/ab6761610000e5ebb99cacf8acd5378206767261,True,76
332,Billie Eilish,when the party's over,43zdsphuZLzwA9k4DJhU0I,81,2019,pop,0.367,0.111,4,-14.084,1,0.0972,0.978,3.97e-05,0.0897,0.198,82.642,196077,4,118692183,90,https://i.scdn.co/image/ab6761610000e5eb4a21b4760d2ecb7b0dcdc8da,False,85
333,James Arthur,Car's Outside,0otRX6Z89qKkHkQ9OqJpKt,81,2019,pop,0.338,0.562,9,-7.181,1,0.029,0.039,0.0,0.107,0.259,149.907,248373,4,20848055,79,https://i.scdn.co/image/ab6761610000e5eb5a55e66595e80fb12dc5f5fa,False,83
334,One Direction,Story of My Life,4nVBt6MZDDP6tRVdQTgxJg,81,2013,pop,0.6,0.663,3,-5.802,1,0.0477,0.225,0.0,0.119,0.286,121.07,245493,4,40270893,83,https://i.scdn.co/image/5bb443424a1ad71603c43d67f5af1a04da6bb3c8,False,84
335,Jack Harlow,First Class,0wHFktze2PHC5jDt3B17DC,81,2022,hip-hop,0.902,0.582,5,-5.902,0,0.109,0.111,3.18e-06,0.111,0.332,107.005,173948,4,4349241,75,https://i.scdn.co/image/ab6761610000e5ebb645c02cfa05103299775097,True,73
336,Cults,Gilded Lily,3Z0qLOS0cqWKPHXkbTXmNF,81,2022,indie-pop,0.4,0.571,11,-6.534,0,0.0288,0.468,3.05e-05,0.519,0.146,61.859,212736,4,1254937,66,https://i.scdn.co/image/ab6761610000e5eb92ec52fb43fbd4d2511a9d1d,False,76
337,BTS,Dynamite,5QDLhrAOJJdNAmCTJ8xMyW,81,2020,k-pop,0.746,0.765,6,-4.41,0,0.0993,0.0112,0.0,0.0936,0.737,114.044,199054,4,81181104,85,https://i.scdn.co/image/ab6761610000e5ebd642648235ebf3460d2d1f6a,False,79
338,Cigarettes After Sex,Apocalypse,3AVrVz5rK8Hrqo9YGiVGN5,81,2017,ambient,0.369,0.467,5,-9.018,1,0.0274,0.0194,0.46,0.109,0.174,94.473,290147,4,17365648,83,https://i.scdn.co/image/ab6761610000e5eb1c312be98c615df97ea79a30,False,4
339,Ana Castela,DONA DE MIM,7sopDXkuzXtHt8AQpdBxmT,81,2022,funk,0.68,0.793,1,-4.726,1,0.234,0.437,0.0,0.11,0.728,167.922,145092,4,9480738,78,https://i.scdn.co/image/ab6761610000e5ebdc6d680133ed9811b032d8b5,False,65
340,The Weeknd,Save Your Tears (with Ariana Grande) (Remix),37BZB0z9T8Xu7U3e65qxFy,81,2021,pop,0.65,0.825,0,-4.645,1,0.0325,0.0215,2.44e-05,0.0936,0.593,118.091,191014,4,112918137,93,https://i.scdn.co/image/ab6761610000e5eb9e528993a2820267b97f6aae,False,77
341,Rauw Alejandro,PANTIES Y BRASIERES,0fADaWdT3obxk7zvHS18VY,81,2023,pop,0.758,0.888,1,-2.851,1,0.0706,0.34,0.00139,0.144,0.408,107.039,197383,4,31082805,88,https://i.scdn.co/image/ab6761610000e5eb43ea45ccf08451d2511d33fa,True,61
342,The Neighbourhood,You Get Me So High,7zwn1eykZtZ5LODrf7c0tS,81,2018,alt-rock,0.551,0.881,7,-6.099,0,0.0542,0.186,0.0791,0.152,0.387,88.036,153000,4,21591569,83,https://i.scdn.co/image/ab6761610000e5ebdf0b5ac84376a0a4b2166816,False,80
343,Conan Gray,Memories,5UXJzLFdBn6u9FJTCnoHrH,81,2022,pop,0.34,0.684,11,-6.306,1,0.044,0.00979,0.0,0.348,0.556,112.969,248819,4,12425448,79,https://i.scdn.co/image/ab6761610000e5eb4c2b62d4748524454a6f99b0,False,78
344,Usher,Yeah! (feat. Lil Jon & Ludacris),5rb9QrpfcKFHM1EUbSIurX,81,2004,dance,0.894,0.791,2,-4.699,1,0.112,0.0183,0.0,0.0388,0.583,105.018,250373,4,13749886,80,https://i.scdn.co/image/ab6761610000e5eb716114797a4a644c67c5fa72,False,85
345,Felix Jaehn,Call It Love,5YdnOm5990Kfq1Jodws98B,81,2022,dance,0.616,0.841,5,-4.779,0,0.076,0.0559,0.00217,0.417,0.714,110.029,154561,4,1314587,70,https://i.scdn.co/image/ab6761610000e5eb16fa53160733ef5d489e4ec9,False,69
346,Harry Styles,Music For a Sushi Restaurant,5LYMamLv12UPbemOaTPyeV,81,2022,pop,0.72,0.715,11,-4.652,1,0.04,0.258,0.0568,0.107,0.357,107.041,193813,4,34130771,80,https://i.scdn.co/image/ab6761610000e5ebf7db7c8ede90a019c54590bb,False,69
347,Dove Cameron,Boyfriend,59CfNbkERJ3NoTXDvoURjj,81,2022,pop,0.345,0.612,7,-6.543,0,0.0608,0.232,0.0,0.194,0.232,179.773,153000,3,5531011,70,https://i.scdn.co/image/ab6761610000e5eb0c5fcd837c1420d97f500ef9,True,71
348,Luke Combs,Love You Anyway,3qXsX3mYSsD1DmAvc3PE3N,81,2023,country,0.532,0.489,4,-7.419,1,0.0311,0.149,0.0,0.237,0.32,139.807,229627,4,13397845,83,https://i.scdn.co/image/ab6761610000e5eb584e28452f46640852c2aed4,False,57
349,Imagine Dragons,Enemy (with JID) - from the series Arcane League of Legends,1r9xUipOqoNwggBpENDsvJ,81,2021,rock,0.728,0.783,11,-4.424,0,0.266,0.237,0.0,0.434,0.555,77.011,173381,4,58364373,85,https://i.scdn.co/image/ab6761610000e5ebab47d8dae2b24f5afe7f9d38,False,74
350,Justine Skye,Collide (feat. Tyga),22I3h5AOENlH4CqXJsEbFR,81,2014,pop,0.418,0.31,11,-9.869,0,0.0625,0.095,0.0,0.216,0.131,139.614,260170,4,956277,61,https://i.scdn.co/image/ab6761610000e5ebb690b6f30c0c6cac2a94e3bb,True,70
351,TV Girl,Not Allowed,3IznIgmXtrUaoPWpQTy5jB,81,2016,indie-pop,0.67,0.905,1,-6.855,1,0.129,0.669,0.000227,0.349,0.563,104.965,167864,4,12544566,79,https://i.scdn.co/image/ab6761610000e5ebd80695211689a9c8c3fee3b0,True,82
352,XXXTENTACION,SAD!,3ee8Jmje8o58CHK66QrVC2,81,2018,emo,0.74,0.613,8,-4.88,1,0.145,0.258,0.00372,0.123,0.473,75.023,166606,4,51710210,83,https://i.scdn.co/image/ab6761610000e5ebf0c20db5ef6c6fbe5135d2e4,True,79
353,XXXTENTACION,Moonlight,0JP9xo3adEtGSdUEISiszL,81,2018,emo,0.921,0.537,9,-5.723,0,0.0804,0.556,0.00404,0.102,0.711,128.009,135090,4,51710210,83,https://i.scdn.co/image/ab6761610000e5ebf0c20db5ef6c6fbe5135d2e4,True,82
354,The Weeknd,Out of Time,2SLwbpExuoBDZBpjfefCtV,81,2022,pop,0.65,0.76,0,-4.422,0,0.0446,0.255,0.0,0.339,0.838,93.057,214194,4,112918137,93,https://i.scdn.co/image/ab6761610000e5eb9e528993a2820267b97f6aae,False,76
355,Lana Del Rey,West Coast,5Y6nVaayzitvsD5F7nr3DV,81,2014,pop,0.527,0.591,6,-7.664,0,0.0396,0.194,0.0194,0.0907,0.461,123.167,256760,4,51773650,88,https://i.scdn.co/image/ab6761610000e5ebb99cacf8acd5378206767261,False,82
356,Dean Lewis,How Do I Say Goodbye,5hnGrTBaEsdukpDF6aZg8a,81,2022,pop,0.4,0.641,8,-6.303,1,0.0674,0.214,0.0,0.0656,0.393,81.552,163603,4,4153847,75,https://i.scdn.co/image/ab6761610000e5eb5ce36b9598e49901d654947c,False,75
357,Mac DeMarco,For the First Time,2R4AlwtrrkMaRKojcTIzmL,81,2017,edm,0.551,0.529,5,-10.469,0,0.0517,0.296,0.0093,0.178,0.521,75.515,182307,4,7990625,79,https://i.scdn.co/image/ab6761610000e5ebc9aca5b6d4c528caf75e8a1d,False,82
358,Harry Styles,Matilda,6uvh0In7u1Xn4HgxOfAn8O,81,2022,pop,0.507,0.294,2,-10.0,1,0.04,0.896,1.97e-05,0.0966,0.386,114.199,245964,4,34130771,80,https://i.scdn.co/image/ab6761610000e5ebf7db7c8ede90a019c54590bb,False,77
359,TV Girl,Cigarettes out the Window,6QeYSvYqYUsfBzsApbjDHO,81,2016,indie-pop,0.625,0.659,0,-5.669,1,0.0337,0.12,0.0,0.17,0.594,113.551,198961,4,12544566,79,https://i.scdn.co/image/ab6761610000e5ebd80695211689a9c8c3fee3b0,False,85
360,Bruno Mars,Leave The Door Open,02VBYrHfVwfEWXk5DXyf0T,81,2021,dance,0.586,0.616,5,-7.964,1,0.0324,0.182,0.0,0.0927,0.719,148.088,242096,4,75455093,89,https://i.scdn.co/image/ab6761610000e5ebc36dd9eb55fb0db4911f25dd,False,80
361,Loreen,Tattoo,1DmW5Ep6ywYwxc2HMT5BG6,81,2023,electro,0.545,0.779,3,-6.235,0,0.0751,0.243,1.66e-06,0.123,0.303,150.002,183375,4,1194065,65,https://i.scdn.co/image/ab6761610000e5eb41763765387d46c3e127de37,False,80
362,The 1975,About You,1fDFHXcykq4iw8Gg7s5hG9,81,2022,alt-rock,0.416,0.762,2,-7.385,1,0.0279,0.312,0.804,0.0559,0.461,95.967,326491,4,7959873,76,https://i.scdn.co/image/ab6761610000e5eb0c6e752cbb1e6d1416970f5a,False,86
363,P!nk,TRUSTFALL,4FWbsd91QSvgr1dSWwW51e,81,2023,dance,0.636,0.888,8,-3.889,1,0.0945,0.00162,0.000216,0.147,0.25,122.032,237200,4,18203604,78,https://i.scdn.co/image/ab6761610000e5eb7bbad89a61061304ec842588,False,65
364,The Weeknd,Save Your Tears (Remix) (with Ariana Grande) - Bonus Track,1oFAF1hdPOickyHgbuRjyX,81,2020,pop,0.65,0.825,0,-4.645,1,0.0325,0.0215,2.44e-05,0.0936,0.593,118.091,191014,4,112918137,93,https://i.scdn.co/image/ab6761610000e5eb9e528993a2820267b97f6aae,False,83
365,Taylor Swift,"You're On Your Own, Kid",4D7BCuvgdJlYvlX5WlN54t,81,2022,pop,0.696,0.396,2,-10.289,1,0.0656,0.401,5.2e-06,0.125,0.38,120.041,194207,4,145396321,100,https://i.scdn.co/image/ab6761610000e5ebe2e8e7ff002a4afda1c7147e,False,79
366,Baby Keem,family ties (with Kendrick Lamar),3QFInJAm9eyaho5vBzxInN,80,2021,hip-hop,0.711,0.611,1,-5.453,1,0.33,0.00588,0.0,0.23,0.144,134.093,252262,4,3127881,72,https://i.scdn.co/image/ab6761610000e5ebd6f2323c1971fd5a70cd0255,True,77
367,Tiësto,The Business,6f3Slt0GbA2bPZlz0aIFXN,80,2020,dance,0.798,0.62,8,-7.079,0,0.232,0.414,0.0192,0.112,0.235,120.031,164000,4,7978695,80,https://i.scdn.co/image/ab6761610000e5ebe84e08fb1dfa2bf9b5a61563,False,73
368,Ariana Grande,Stuck with U (with Justin Bieber),4HBZA5flZLE435QTztThqH,80,2020,dance,0.597,0.45,8,-6.658,1,0.0418,0.223,0.0,0.382,0.537,178.765,228482,3,107374593,90,https://i.scdn.co/image/ab6761610000e5eb6725802588d7dc1aba076ca5,False,80
369,Doja Cat,You Right,0k4d5YPDr1r7FX77VdqWez,80,2021,dance,0.828,0.621,8,-6.414,1,0.0565,0.0164,0.00233,0.0845,0.436,128.986,186173,4,34735147,86,https://i.scdn.co/image/ab6761610000e5eb8a0644455ebfa7d3976f5101,True,80
370,Taylor Swift,Snow On The Beach (feat. Lana Del Rey),1wtOxkiel43cVs0Yux5Q4h,80,2022,pop,0.663,0.319,9,-13.481,1,0.0375,0.69,0.000993,0.117,0.193,109.957,256124,4,145396321,100,https://i.scdn.co/image/ab6761610000e5ebe2e8e7ff002a4afda1c7147e,True,67
371,Daft Punk,Get Lucky (feat. Pharrell Williams & Nile Rodgers) - Radio Edit,2Foc5Q5nqNiosCNqttzHof,80,2013,electro,0.794,0.811,6,-8.966,0,0.038,0.0426,1.07e-06,0.101,0.862,116.047,248413,4,10874504,81,https://i.scdn.co/image/ab6761610000e5ebd3aa7cc0e419b6c459b08e8e,False,80
372,Shakira,Waka Waka (This Time for Africa) [The Official 2010 FIFA World Cup (TM) Song] (feat. Freshlyground),6bNB5gxFX6Q87DbQWb8OWZ,80,2010,dance,0.758,0.871,2,-6.408,1,0.147,0.0062,0.0,0.0663,0.753,126.994,202627,4,39777995,85,https://i.scdn.co/image/ab6761610000e5eb44b07362e94585ebd7c564c9,False,68
373,Zion & Lennox,Yo Voy (feat. Daddy Yankee),5gflgO9EPbIBf16n5TKnQS,80,2004,hip-hop,0.808,0.697,10,-5.899,1,0.241,0.041,0.0,0.0546,0.554,95.06,232020,4,8360594,76,https://i.scdn.co/image/ab6761610000e5ebfa844599a8631cca451a93e5,False,79
374,Drake,Wants and Needs (feat. Lil Baby),65OVbaJR5O1RmwOQx0875b,80,2021,hip-hop,0.578,0.449,1,-6.349,1,0.286,0.0618,2.17e-06,0.119,0.1,136.006,192956,4,103039388,95,https://i.scdn.co/image/ab6761610000e5eb4293385d324db8558179afd9,True,76
375,Shawn Mendes,Señorita,6v3KW9xbzN5yKLt9YKDYA2,80,2019,dance,0.759,0.548,9,-6.049,0,0.029,0.0392,0.0,0.0828,0.749,116.967,190800,4,45700057,81,https://i.scdn.co/image/ab6761610000e5eb58b4b9419486550f6fda0535,False,80
376,Pritam,"Kesariya (From ""Brahmastra"")",6VBhH7CyP56BXjp8VsDFPZ,80,2022,indian,0.577,0.574,0,-6.525,1,0.0278,0.572,0.0,0.1,0.436,94.009,268165,4,59935161,87,https://i.scdn.co/image/ab6761610000e5ebcb6926f44f620555ba444fca,False,72
377,Becky G,MAMIII,1ri9ZUkBJVFUdgwzCnfcYs,80,2022,dance,0.843,0.7,4,-3.563,0,0.0803,0.0934,0.0,0.14,0.899,93.991,226088,4,16646605,74,https://i.scdn.co/image/ab6761610000e5eb1b7aaeedafb29af4c513ebd3,False,69
378,Meghan Trainor,NO,0l0CvurVUrr2w3Jj1hOVFc,80,2017,dance,0.557,0.803,1,-3.599,0,0.213,0.0124,1.61e-06,0.737,0.657,92.134,213507,4,15744271,73,https://i.scdn.co/image/ab6761610000e5eb365984489dac7a79eac204e3,False,77
379,Drake,Fair Trade (with Travis Scott),40iJIUlhi6renaREYGeIDS,80,2021,hip-hop,0.666,0.465,1,-8.545,1,0.26,0.0503,0.0,0.215,0.292,167.937,291175,4,103039388,95,https://i.scdn.co/image/ab6761610000e5eb4293385d324db8558179afd9,True,79
380,21 Savage,a lot,2t8yVaLvJ0RenpXUIAC52d,80,2018,hip-hop,0.837,0.636,1,-7.643,1,0.086,0.0395,0.00125,0.342,0.274,145.972,288624,4,23799771,84,https://i.scdn.co/image/ab6761610000e5eb4f8f76117470957c0e81e5b2,True,78
381,Harry Styles,Daylight,51Zw1cKDgkad0CXv23HCMU,80,2022,pop,0.686,0.445,0,-7.189,1,0.0398,0.484,0.00144,0.175,0.626,145.5,164533,3,34130771,80,https://i.scdn.co/image/ab6761610000e5ebf7db7c8ede90a019c54590bb,False,68
382,Camila Cabello,Bam Bam (feat. Ed Sheeran),0QBzMgT7NIeoCYy3sJCof1,80,2022,dance,0.756,0.697,8,-6.377,1,0.0401,0.182,0.0,0.333,0.956,94.996,206071,4,35576126,78,https://i.scdn.co/image/ab6761610000e5eb76470faf6330235edbcb90a9,False,71
383,Olivia Rodrigo,"jealousy, jealousy",0MMyJUC3WNnFS1lit5pTjk,80,2021,pop,0.695,0.575,10,-6.334,0,0.116,0.198,0.0,0.0614,0.699,163.929,173160,4,49050008,84,https://i.scdn.co/image/ab6761610000e5ebe03a98785f3658f0b6461ec4,False,80
384,Miley Cyrus,Prisoner (feat. Dua Lipa),2Oycxb8QbPkpHTo8ZrmG0B,80,2020,pop,0.781,0.67,3,-3.912,0,0.0452,0.0103,0.0,0.0761,0.595,127.99,169333,4,26558356,81,https://i.scdn.co/image/ab6761610000e5ebf4cccd14ec026038d713e353,False,70
385,TV Girl,Blue Hair,39sDitIeCMrVX2QyXHY46t,80,2018,indie-pop,0.751,0.72,4,-6.376,1,0.0303,0.554,0.0497,0.258,0.884,135.73,217000,4,12544566,79,https://i.scdn.co/image/ab6761610000e5ebd80695211689a9c8c3fee3b0,False,82
386,Lil Baby,Yes Indeed,6vN77lE9LK6HP2DewaN6HZ,80,2018,hip-hop,0.963,0.346,5,-9.309,0,0.53,0.0355,0.0,0.108,0.562,119.957,142273,4,21644763,84,https://i.scdn.co/image/ab6761610000e5eb514da623c55dc9d2155705dd,True,75
387,Drake,On BS,34tz0eDhGuFErIuW3q4mPX,80,2022,hip-hop,0.841,0.358,9,-8.368,1,0.591,0.0201,0.0,0.39,0.329,158.014,261544,4,103039388,95,https://i.scdn.co/image/ab6761610000e5eb4293385d324db8558179afd9,True,69
388,Justin Bieber,Sorry,09CtPGIpYB4BrO8qb1RGsF,80,2015,pop,0.654,0.76,0,-3.669,0,0.045,0.0797,0.0,0.299,0.41,99.945,200787,4,85008100,91,https://i.scdn.co/image/ab6761610000e5ebaf20f7db5288bce9beede034,False,85
389,Doja Cat,Kiss Me More (feat. SZA),3DarAbFujv6eYNliUTyqtz,80,2021,dance,0.764,0.705,8,-3.463,1,0.0284,0.259,8.92e-05,0.12,0.781,110.97,208667,4,34735147,86,https://i.scdn.co/image/ab6761610000e5eb8a0644455ebfa7d3976f5101,True,84
390,Miley Cyrus,Angels Like You,1daDRI9ahBonbWD8YcxOIB,80,2020,pop,0.672,0.642,5,-4.035,1,0.0313,0.0981,0.0,0.1,0.494,121.981,196453,4,26558356,81,https://i.scdn.co/image/ab6761610000e5ebf4cccd14ec026038d713e353,False,81
391,Linkin Park,What I've Done,18lR4BzEs7e3qzc0KVkTpU,80,2007,metal,0.623,0.93,5,-5.285,1,0.0324,0.0141,1.64e-06,0.138,0.287,120.119,205613,4,31785695,88,https://i.scdn.co/image/ab6761610000e5eb527d95dabbe8b8b527e8136f,False,84
392,Luan Santana,SOLTEIROU - Ao Vivo,0AIA4KsMsyqur8FbTVhGNT,80,2023,sertanejo,0.681,0.807,1,-5.9,1,0.0693,0.121,0.0,0.87,0.633,134.12,148549,4,9973513,76,https://i.scdn.co/image/ab6761610000e5ebfde13b4ff04ee1c0f33c6878,False,55
393,Gustavo Mioto,Quando Apaga A Luz - Ao Vivo,1nf1HJdTWXwf9XHQebGlOd,80,2023,sertanejo,0.7,0.914,2,-3.047,0,0.0539,0.168,0.0,0.761,0.776,149.918,144298,4,7182515,71,https://i.scdn.co/image/ab6761610000e5eb3563c0a96d80f9c29e97f568,False,48
394,Harry Styles,Satellite,0rzaRSujxA0bKyjJl6vHYq,80,2022,pop,0.576,0.457,0,-6.473,1,0.0304,0.143,3.05e-05,0.0917,0.301,138.984,218577,4,34130771,80,https://i.scdn.co/image/ab6761610000e5ebf7db7c8ede90a019c54590bb,False,72
395,Akon,Smack That,2kQuhkFX7uSVepCD3h29g5,80,2006,dance,0.939,0.742,5,-5.171,0,0.0467,0.321,0.0,0.107,0.924,118.978,212360,4,6002343,81,https://i.scdn.co/image/ab6761610000e5eb8c5984726ddb2c2d90ada28d,True,84
396,Alesso,Words (feat. Zara Larsson),1bgKMxPQU7JIZEhNsM1vFs,80,2022,dance,0.739,0.586,10,-5.079,0,0.0472,0.0245,0.000252,0.308,0.444,124.026,142677,4,4034025,72,https://i.scdn.co/image/ab6761610000e5eb2828484ea968409a0ea584a6,False,71
397,Israel & Rodolffo,Perdoou Nada - Ao Vivo,4r2O8NHomHiJnFKqhYnqy1,80,2022,sertanejo,0.629,0.864,3,-4.179,1,0.059,0.105,0.0,0.431,0.678,153.937,163120,4,3687242,67,https://i.scdn.co/image/ab6761610000e5eb49af489b11377736ccc8e6cd,False,50
398,Lana Del Rey,Brooklyn Baby,1NZs6n6hl8UuMaX0UC0YTz,80,2014,pop,0.404,0.664,1,-6.698,1,0.0407,0.542,0.00402,0.11,0.0949,107.747,351640,4,51773650,88,https://i.scdn.co/image/ab6761610000e5ebb99cacf8acd5378206767261,True,82
399,Kings of Leon,Sex on Fire,0ntQJM78wzOLVeCUAW7Y45,80,2008,rock,0.542,0.905,9,-5.653,1,0.054,0.00172,0.0104,0.136,0.374,153.398,203347,4,5756664,75,https://i.scdn.co/image/ab6761610000e5eb6fc940f2e99875ced9bafed0,False,83
400,Shawn Mendes,Mercy,0AS63m1wHv9n4VVRizK6Hc,80,2017,dance,0.555,0.662,11,-4.952,0,0.0827,0.125,0.0,0.111,0.356,148.128,208733,4,45700057,81,https://i.scdn.co/image/ab6761610000e5eb58b4b9419486550f6fda0535,False,80
401,System Of A Down,Toxicity,0snQkGI5qnAmohLE7jTsTn,80,2001,metal,0.413,0.873,8,-4.151,1,0.0536,0.000264,0.00249,0.204,0.48,116.68,218933,3,13976718,80,https://i.scdn.co/image/ab6761610000e5eb60063d3451ade8f9fab397c2,False,84
402,J. Cole,MIDDLE CHILD,2JvzF1RMd7lE3KmFlsyZD8,80,2019,hip-hop,0.837,0.364,8,-11.713,1,0.276,0.149,0.0,0.271,0.463,123.984,213594,4,27069939,82,https://i.scdn.co/image/ab6761610000e5eb4b053c29fd4b317ff825f0dc,True,76
403,Drake,Chicago Freestyle (feat. Giveon),4wVOKKEHUJxHCFFNUWDn0B,80,2020,hip-hop,0.735,0.449,10,-7.507,1,0.347,0.629,0.0,0.113,0.0397,122.947,220488,4,103039388,95,https://i.scdn.co/image/ab6761610000e5eb4293385d324db8558179afd9,True,78
404,Junior H,Vamos Para Arriba,7cZoAjj5vufdREBJZGW2lH,80,2022,sad,0.699,0.51,5,-7.153,0,0.0352,0.498,0.0,0.22,0.625,98.07,172227,3,28178187,87,https://i.scdn.co/image/ab6761610000e5eb5fbe9b7dc7d9a2295bd6022c,True,3
405,Maroon 5,Sugar,2iuZJX9X9P0GKaE93xcPjk,80,2014,pop,0.748,0.788,1,-7.055,1,0.0334,0.0591,0.0,0.0863,0.884,120.076,235493,4,45764832,85,https://i.scdn.co/image/ab6761610000e5ebf8349dfb619a7f842242de77,True,80
406,Outkast,Ms. Jackson,0I3q5fE6wg7LIfHGngUTnV,80,2000,hip-hop,0.843,0.806,4,-5.946,0,0.269,0.143,0.0,0.0771,0.613,94.948,270507,4,3379382,73,https://i.scdn.co/image/ab6761610000e5eb0cb3f95b9f8f7337e135a925,True,82
407,21 Savage,Runnin,5SWnsxjhdcEDc7LJjq9UHk,80,2020,hip-hop,0.819,0.626,10,-4.574,0,0.202,0.00748,0.101,0.167,0.415,143.01,195906,4,23799771,84,https://i.scdn.co/image/ab6761610000e5eb4f8f76117470957c0e81e5b2,True,76
408,Grupo Marca Registrada,Puro Campeón,1kNC7b4zXbqoceKpkGdnD8,80,2022,sad,0.851,0.542,10,-8.152,1,0.122,0.361,3.73e-06,0.132,0.789,101.896,196437,4,6208662,76,https://i.scdn.co/image/ab6761610000e5eb9508af8df57e8aeb9ca50aeb,False,63
409,Gym Class Heroes,Stereo Hearts (feat. Adam Levine),0qOnSQQF0yzuPWsXrQ9paz,80,2011,dance,0.646,0.795,9,-3.293,1,0.0976,0.0319,0.0,0.267,0.796,89.99,210960,4,1671796,67,https://i.scdn.co/image/ab6761610000e5ebaf10fe1f51451ea941b2d798,False,82
410,Brent Faiyaz,Clouded,2J6OF7CkpdQGSfm1wdclqn,80,2020,hip-hop,0.583,0.344,2,-8.765,1,0.0559,0.774,0.0,0.143,0.581,65.203,110129,3,7897022,80,https://i.scdn.co/image/ab6761610000e5eb2af1d912483f27af21eba49f,True,74
411,Grupo Marca Registrada,Si Fuera Fácil,7Jph6HJbfURt4Fea19IED3,80,2022,sad,0.794,0.677,10,-9.969,1,0.0713,0.446,0.0313,0.076,0.611,101.467,170496,3,6208662,76,https://i.scdn.co/image/ab6761610000e5eb9508af8df57e8aeb9ca50aeb,False,8
412,Fuerza Regida,911 - En Vivo,1O0IFR3MYqgQbziKTCf0X4,80,2022,sad,0.641,0.517,0,-5.472,1,0.0673,0.528,0.0,0.136,0.642,127.902,175424,4,19735177,89,https://i.scdn.co/image/ab6761610000e5eb158a3d24a31166b983e26325,False,68
413,XXXTENTACION,Look At Me!,7floNISpH8VF4z4459Qo18,80,2017,emo,0.763,0.726,1,-6.405,1,0.282,0.259,0.0,0.0976,0.349,139.059,126346,4,51710210,83,https://i.scdn.co/image/ab6761610000e5ebf0c20db5ef6c6fbe5135d2e4,True,76
414,Baby Keem,HONEST,58k32my5lKofeZRtIvBDg9,80,2019,hip-hop,0.676,0.536,2,-8.79,1,0.0432,0.403,3.37e-05,0.105,0.373,79.037,172672,4,3127881,72,https://i.scdn.co/image/ab6761610000e5ebd6f2323c1971fd5a70cd0255,True,74
415,Rihanna,S&M,7ySUcLPVX7KudhnmNcgY2D,80,2010,pop,0.769,0.684,1,-5.019,1,0.0411,0.0105,0.000125,0.0887,0.835,127.972,243600,4,68997177,90,https://i.scdn.co/image/ab6761610000e5ebcb565a8e684e3be458d329ac,True,84
416,Justin Bieber,Baby,6epn3r7S14KUqlReYr77hA,80,2010,pop,0.728,0.859,5,-5.237,0,0.137,0.0401,0.0,0.111,0.535,65.043,214240,4,85008100,91,https://i.scdn.co/image/ab6761610000e5ebaf20f7db5288bce9beede034,False,83
417,Doja Cat,Need to Know,3Vi5XqYrmQgOYBajMWSvCi,80,2021,dance,0.664,0.609,1,-6.509,1,0.0707,0.304,0.0,0.0926,0.194,130.041,210560,4,34735147,86,https://i.scdn.co/image/ab6761610000e5eb8a0644455ebfa7d3976f5101,True,79
418,"Tyler, The Creator",NEW MAGIC WAND,0fv2KH6hac06J86hBUTcSf,80,2019,hip-hop,0.621,0.73,5,-5.414,0,0.107,0.0967,0.000131,0.673,0.464,139.566,195320,4,24420596,86,https://i.scdn.co/image/ab6761610000e5ebdf2728294ff77dd11eeb18fb,True,77
419,Wiz Khalifa,See You Again (feat. Charlie Puth),2JzZzZUQj3Qff7wapcbKjc,80,2015,hip-hop,0.689,0.481,10,-7.503,1,0.0815,0.369,1.03e-06,0.0649,0.283,80.025,229526,4,12075691,81,https://i.scdn.co/image/ab6761610000e5ebc66b0a8c3268f0b6556f64a8,False,82
420,SunKissed Lola,Pasilyo,0uZFcsx96wzbixsULmrg8o,80,2022,rock,0.71,0.61,2,-4.674,1,0.0351,0.415,2.67e-05,0.181,0.404,120.032,270250,3,1110374,58,https://i.scdn.co/image/ab6761610000e5ebd5070d0547a027a22ed5b8d8,False,75
421,Macklemore & Ryan Lewis,Can't Hold Us (feat. Ray Dalton),3bidbhpOYeV4knp8AIu8Xn,80,2012,dance,0.641,0.922,2,-4.457,1,0.0786,0.0291,0.0,0.0862,0.847,146.078,258343,4,2670192,69,https://i.scdn.co/image/ab6761610000e5eb3c2f1ba4c1a3de141e63d775,False,79
422,Pitbull,Timber (feat. Ke$ha),3cHyrEgdyYRjgJKSOiOtcS,80,2012,dance,0.581,0.963,11,-4.087,1,0.0981,0.0295,0.0,0.139,0.788,129.992,204160,4,11933906,84,https://i.scdn.co/image/ab6761610000e5eb8d8ac7290d0fe2d12fb6e4d9,False,82
423,Shakira,"Whenever, Wherever",2lnzGkdtDj5mtlcOW2yRtG,80,2001,dance,0.794,0.832,1,-4.862,0,0.0407,0.237,1.14e-05,0.203,0.871,107.657,196160,4,39777995,85,https://i.scdn.co/image/ab6761610000e5eb44b07362e94585ebd7c564c9,False,77
424,XXXTENTACION,Fuck Love (feat. Trippie Redd),7AQim7LbvFVZJE3O8TYgf2,80,2017,emo,0.797,0.533,0,-9.74,0,0.0412,0.0172,0.000152,0.103,0.329,131.036,146520,4,51710210,83,https://i.scdn.co/image/ab6761610000e5ebf0c20db5ef6c6fbe5135d2e4,True,82
425,Morgan Wallen,Whiskey Glasses,6foY66mWZN0pSRjZ408c00,80,2018,country,0.614,0.68,6,-4.58,1,0.0289,0.369,1.84e-06,0.115,0.707,149.959,234347,4,13992482,88,https://i.scdn.co/image/ab6761610000e5eb4245b1652fcc23f2b76ccd07,False,6
426,Jogja Hip Hop Foundation,Cintamu Sepahit Topi Miring,1ixNEKbIZTTZ5LIz3rr9jD,80,2013,hip-hop,0.741,0.801,11,-4.84,1,0.275,0.147,2.73e-05,0.0821,0.561,193.911,294053,4,1591486,50,https://i.scdn.co/image/ab67616d0000b273de748fd3eed32d64ee85fce8,False,63
427,Lauv,I Like Me Better,0EcQcdcbQeVJn9fknj44Be,80,2018,dance,0.753,0.505,9,-7.621,1,0.255,0.534,2.58e-06,0.104,0.419,91.972,197437,4,6815446,73,https://i.scdn.co/image/ab6761610000e5ebb173d69f77530d77a991984f,False,5
428,A$AP Rocky,Praise The Lord (Da Shine) (feat. Skepta),7ycWLEP1GsNjVvcjawXz3z,80,2018,hip-hop,0.854,0.569,5,-8.151,0,0.106,0.0609,0.0816,0.1,0.294,80.015,205040,4,17326256,82,https://i.scdn.co/image/ab6761610000e5eb5c58c41a506a0d6b32cc6cad,True,79
429,Kadu Martins,Novinha do Onlyfans (Tchan Ran Tchan Tchan),0oB3IBEhbmgTrL7mV0VnFq,80,2022,forro,0.767,0.684,11,-3.221,0,0.0431,0.508,0.0,0.0417,0.965,95.001,137661,4,465678,58,https://i.scdn.co/image/ab6761610000e5eb3aa9ebdb0e68589ea3cfa23c,False,1
430,Shubh,No Love,08Isz2ETWSBhvIl8UpKYsp,80,2022,hip-hop,0.768,0.487,4,-8.936,0,0.0431,0.24,0.0,0.175,0.722,137.034,170388,4,9948204,75,https://i.scdn.co/image/ab6761610000e5eb4490e20daec093c04ede38c6,False,72
431,Junior H,Extssy Model,24teIhDYO2RocTA2v5dY0r,80,2022,sad,0.675,0.725,4,-4.766,0,0.0334,0.0839,0.0,0.334,0.469,92.513,240654,3,28178187,87,https://i.scdn.co/image/ab6761610000e5eb5fbe9b7dc7d9a2295bd6022c,False,81
432,Harry Styles,Golden,45S5WTQEGOB1VHr1Q4FuPl,80,2019,pop,0.448,0.838,4,-5.257,0,0.0557,0.21,0.000131,0.131,0.254,139.863,208907,4,34130771,80,https://i.scdn.co/image/ab6761610000e5ebf7db7c8ede90a019c54590bb,False,73
433,Halsey,Die 4 Me,6VYAzAQGFsfEAwdorQaZuU,80,2023,dance,0.694,0.743,7,-4.267,0,0.0833,0.355,0.0,0.275,0.554,145.048,215021,4,22392682,80,https://i.scdn.co/image/ab6761610000e5eb15136101a0f63f0b2800b9dc,True,56
434,Swedish House Mafia,Moth To A Flame (with The Weeknd),0VO8gYVDSwM1Qdd2GsMoYK,80,2022,dance,0.553,0.659,8,-7.295,1,0.0391,0.0027,0.0,0.105,0.105,120.146,234000,4,3948613,75,https://i.scdn.co/image/ab6761610000e5eb2a69903cac5dbe1f233ffb79,False,82
435,Lost Frequencies,Back To You,3K00Ib1shkOEiAXU5pec6e,80,2022,dance,0.679,0.548,0,-7.495,1,0.0298,0.234,0.0,0.189,0.413,115.954,155909,4,3098388,75,https://i.scdn.co/image/ab6761610000e5eb976d55989fb4a20e346d0936,False,64
436,NATTAN,Love Gostosinho - Ao Vivo,2BlFIe0712LBUtTHxbqjme,80,2022,forro,0.726,0.814,7,-3.853,1,0.031,0.503,0.0,0.753,0.892,141.934,164075,4,3778010,73,https://i.scdn.co/image/ab6761610000e5ebe00ff8901c5a8921d2d0b1cc,False,68
437,Taylor Swift,Paper Rings,4y5bvROuBDPr5fuwXbIBZR,80,2019,pop,0.811,0.719,9,-6.553,1,0.0497,0.0129,1.36e-05,0.0742,0.865,103.979,222400,4,145396321,100,https://i.scdn.co/image/ab6761610000e5ebe2e8e7ff002a4afda1c7147e,False,76
438,Coldplay,Clocks,0BCPKOYdS2jbQ8iyB56Zns,80,2002,pop,0.577,0.749,5,-7.215,0,0.0279,0.599,0.0115,0.183,0.255,130.97,307880,4,60804949,88,https://i.scdn.co/image/ab6761610000e5eb1ba8fc5f5c73e7e9313cc6eb,False,84
439,Miley Cyrus,Wrecking Ball,2vwlzO0Qp8kfEtzTsCXfyE,80,2013,pop,0.53,0.422,5,-6.262,1,0.0342,0.407,0.0,0.107,0.349,119.964,221360,4,26558356,81,https://i.scdn.co/image/ab6761610000e5ebf4cccd14ec026038d713e353,False,80
440,Swedish House Mafia,Don't You Worry Child - Radio Edit,2V65y3PX4DkRhy1djlxd9p,80,2012,dance,0.612,0.84,11,-3.145,0,0.0509,0.112,0.0,0.116,0.438,129.042,212862,4,3948613,75,https://i.scdn.co/image/ab6761610000e5eb2a69903cac5dbe1f233ffb79,False,81
441,24kGoldn,Mood (feat. iann dior),4jPy3l0RUwlUI9T5XHBW2m,80,2021,pop,0.701,0.716,7,-3.671,0,0.0361,0.174,0.0,0.324,0.732,91.007,140533,4,2285377,65,https://i.scdn.co/image/ab6761610000e5eb1a52daf60d0a426b294f5be5,True,77
442,One Direction,Right Now,1dQQ2QlnvXUehsRUrukKmf,80,2013,pop,0.645,0.78,8,-5.165,1,0.0319,0.218,0.0,0.0919,0.372,120.008,200400,4,40270893,83,https://i.scdn.co/image/5bb443424a1ad71603c43d67f5af1a04da6bb3c8,False,76
443,Chase Atlantic,Swim,3M0lSi5WW79CXQamgSBIjx,80,2017,pop,0.666,0.542,8,-6.429,1,0.0392,0.27,0.0,0.0765,0.0771,120.134,228787,4,10462018,79,https://i.scdn.co/image/ab6761610000e5eba4e2d7045cbcca592ba6c7dd,True,84
444,Chris Jedi,La Llevo Al Cielo (Ft. Ñengo Flow),6DoL1yYIwEW7VZMRaJhoJI,80,2022,hip-hop,0.795,0.845,9,-3.809,0,0.135,0.105,1.14e-05,0.172,0.769,170.023,254920,4,2838372,65,https://i.scdn.co/image/ab6761610000e5eb8ea72bf4aa151fa99bf23862,True,70
445,Isabel LaRosa,i'm yours,37vVp2sWHuuIBOSl1NswP6,80,2022,pop,0.398,0.705,5,-7.07,0,0.0756,0.204,5.13e-05,0.443,0.635,111.487,145668,4,2569728,71,https://i.scdn.co/image/ab6761610000e5eb599d3d1bf51e7e91844323d5,False,78
446,P!nk,Just Give Me a Reason (feat. Nate Ruess),1mKXFLRA179hdOWQBwUk9e,80,2012,dance,0.778,0.547,2,-7.273,1,0.0489,0.346,0.000302,0.132,0.441,95.002,242733,4,18203604,78,https://i.scdn.co/image/ab6761610000e5eb7bbad89a61061304ec842588,False,82
447,Taylor Swift,Karma,7KokYm8cMIXCsGVmUvKtqf,80,2022,pop,0.642,0.62,8,-7.091,1,0.0666,0.0734,0.0,0.483,0.0969,90.02,204852,4,145396321,100,https://i.scdn.co/image/ab6761610000e5ebe2e8e7ff002a4afda1c7147e,True,75
448,Vundabar,Alien Blues,11iIikXxC6NP0Ma8vMD27x,80,2015,garage,0.467,0.757,3,-5.093,1,0.033,0.0807,0.908,0.0876,0.433,82.282,155933,4,542026,59,https://i.scdn.co/image/ab6761610000e5ebedebd091e0dfedc99014eaeb,True,76
449,Chief Keef,Love Sosa,01Lr5YepbgjXAWR9iOEyH1,80,2012,hip-hop,0.772,0.413,0,-8.193,0,0.089,0.0361,0.0,0.111,0.211,131.965,246213,4,5761713,73,https://i.scdn.co/image/ab6761610000e5ebf3d48b48b4603bd55f489655,True,77
450,Labrinth,Mount Everest,1ZdhOMWyFR8Iv9eylMGYg2,80,2019,indie-pop,0.494,0.428,0,-7.239,0,0.205,0.236,0.0698,0.0816,0.44,87.724,157497,4,3634221,73,https://i.scdn.co/image/ab6761610000e5ebe06bc05ace04b055edeeff8d,True,77
451,Beach House,Space Song,7H0ya83CMmgFcOhw0UB6ow,80,2015,indie-pop,0.508,0.792,0,-7.311,0,0.0297,0.229,0.124,0.145,0.601,147.067,320467,4,2803036,72,https://i.scdn.co/image/ab6761610000e5ebb3e38a46a56a423d8f741c09,False,77
452,Taylor Swift,All Too Well (10 Minute Version) (Taylor's Version) (From The Vault),5enxwA8aAbwZbf5qCHORXi,80,2021,pop,0.631,0.518,0,-8.771,1,0.0303,0.274,0.0,0.088,0.205,93.023,613027,4,145396321,100,https://i.scdn.co/image/ab6761610000e5ebe2e8e7ff002a4afda1c7147e,True,80
453,Anitta,Ai Papai,4PQ5AInr4YoBauth9YPduL,80,2022,funk,0.73,0.966,11,-1.794,0,0.0619,0.081,7.93e-05,0.0946,0.891,168.091,148049,4,13246815,78,https://i.scdn.co/image/ab6761610000e5ebda2a9d91c5f52a9088851251,False,55
454,Imagine Dragons,Whatever It Takes,6Qn5zhYkTa37e91HC1D7lb,80,2017,rock,0.672,0.655,10,-5.021,0,0.0311,0.0362,0.0,0.117,0.556,134.945,201240,4,58364373,85,https://i.scdn.co/image/ab6761610000e5ebab47d8dae2b24f5afe7f9d38,False,82
455,Danny Ocean,Fuera del mercado,1UdzJEpgJxtuXAlCOvD4S0,80,2022,pop,0.453,0.673,8,-5.649,1,0.144,0.32,0.0,0.131,0.266,92.06,159849,4,6513384,80,https://i.scdn.co/image/ab6761610000e5ebb485cde5cba6de6e5685278a,True,76
456,Rex Orange County,THE SHADE,1gH1h30wkQdd9zhY3j7a8T,80,2022,pop,0.898,0.509,5,-7.973,1,0.062,0.391,0.0,0.0876,0.727,119.869,181507,4,6737345,74,https://i.scdn.co/image/ab6761610000e5eb901ccc452604c427ef5f202f,False,74
457,NLE Choppa,SLUT ME OUT,5BmB3OaQyYXCqRyN8iR2Yi,80,2022,hip-hop,0.938,0.606,6,-6.396,0,0.419,0.117,0.0,0.528,0.706,121.108,123673,4,10021011,73,https://i.scdn.co/image/ab6761610000e5ebe2c985e8509fc8788a5a5208,True,69
458,Isabel LaRosa,i'm yours sped up,4sFGNz4MYpGoz53ZGCwsiE,80,2022,pop,0.39,0.752,7,-7.581,0,0.19,0.108,0.00308,0.555,0.637,128.926,127781,1,2569728,71,https://i.scdn.co/image/ab6761610000e5eb599d3d1bf51e7e91844323d5,False,67
459,Twenty One Pilots,Ride,2Z8WuEywRWYTKe1NybPQEW,80,2015,rock,0.645,0.713,6,-5.355,1,0.0393,0.00835,0.0,0.113,0.566,74.989,214507,4,25759662,83,https://i.scdn.co/image/ab6761610000e5eb61a7ea26d33ded218cd1e59d,False,82
460,Pritam,Tere Pyaar Mein,2ZD4aIEepqZsdxPxLSuUhm,80,2023,indian,0.679,0.748,9,-5.487,0,0.054,0.111,0.0,0.183,0.406,118.945,265108,4,59935161,87,https://i.scdn.co/image/ab6761610000e5ebcb6926f44f620555ba444fca,False,70
461,Travis Scott,HIGHEST IN THE ROOM,3eekarcy7kvN4yt5ZFzltW,80,2019,house,0.598,0.427,7,-8.764,0,0.0317,0.0546,5.83e-06,0.21,0.0605,76.469,175721,4,41107596,89,https://i.scdn.co/image/ab6761610000e5eb19c2790744c792d05570bb71,True,83
462,Morgan Wallen,Man Made A Bar (feat. Eric Church),73zawW1ttszLRgT9By826D,80,2023,country,0.498,0.764,4,-5.006,1,0.0309,0.123,3.07e-05,0.119,0.489,147.984,191231,4,13992482,88,https://i.scdn.co/image/ab6761610000e5eb4245b1652fcc23f2b76ccd07,False,31
463,Lil Peep,nuts,11k8KTbNeG9iabeNXMuwf0,80,2022,emo,0.51,0.739,2,-7.41,1,0.0415,0.00872,0.0,0.111,0.148,62.007,85360,4,15684530,82,https://i.scdn.co/image/ab6761610000e5eb3d9d59e200e82fa53d8781a1,True,0
464,Omar Apollo,Evergreen (You Didn’t Deserve Me At All),2TktkzfozZifbQhXjT6I33,80,2022,pop,0.697,0.336,9,-10.395,1,0.0424,0.598,0.00528,0.107,0.31,82.029,216680,3,1130715,67,https://i.scdn.co/image/ab6761610000e5ebae8080a07532b843b42acec1,False,74
465,(G)I-DLE,Nxde,6NnCWIWV740gP7DQ8kqdIE,80,2022,k-pop,0.726,0.91,4,-1.948,0,0.179,0.0413,7.81e-06,0.479,0.648,135.966,178453,4,,,,False,5
466,Rauw Alejandro,PUNTO 40,2TDyyEBasw10wu5Uh94bR1,80,2022,pop,0.873,0.826,0,-0.722,1,0.0876,0.00127,0.0361,0.311,0.201,106.972,190654,4,31082805,88,https://i.scdn.co/image/ab6761610000e5eb43ea45ccf08451d2511d33fa,True,60
467,The Weeknd,Often,4PhsKqMdgMEUSstTDAmMpg,80,2015,pop,0.572,0.631,7,-9.836,0,0.0476,0.222,0.0,0.135,0.0713,134.078,249040,4,112918137,93,https://i.scdn.co/image/ab6761610000e5eb9e528993a2820267b97f6aae,True,80
468,SZA,Ghost in the Machine (feat. Phoebe Bridgers),4h5x3XHLVYFJaItKuO2rhy,80,2022,pop,0.624,0.433,6,-9.572,1,0.0467,0.837,0.0294,0.113,0.589,124.979,218587,4,33029522,87,https://i.scdn.co/image/ab6761610000e5ebfd0a9fb6c252a3ba44079acf,True,68
469,JAY-Z,Run This Town,7LR85XLWw2yXqKBSI5brbG,80,2009,hip-hop,0.632,0.924,1,-1.802,1,0.29,0.281,0.0,0.263,0.441,86.844,267520,4,10371098,82,https://i.scdn.co/image/ab6761610000e5ebc75afcd5a9027f60eaebb5e4,True,78
470,IVE,LOVE DIVE,0Q5VnK2DYzRyfqQRJuUtvi,80,2022,k-pop,0.703,0.709,1,-4.169,0,0.0433,0.00379,5.43e-05,0.333,0.538,117.941,177187,4,6241816,71,https://i.scdn.co/image/ab6761610000e5eba9c8608865ca7eded5520359,False,70
471,MC MENOR HR,Evoque Prata,0bBwi6ddYeTv5fXgHAdfiH,80,2022,funk,0.872,0.519,7,-4.467,1,0.244,0.306,0.0,0.276,0.52,86.768,107077,5,76071,44,https://i.scdn.co/image/ab6761610000e5eba1a4a4dfeb74cbecf4ddd8c4,True,60
472,Mc Paiva ZS,Bandido Não Dança,5WGTBzRLbjj0Sm3Br8X1rI,80,2022,funk,0.585,0.465,9,-7.0,1,0.119,0.326,0.0,0.0714,0.512,85.672,126462,5,6156670,69,https://i.scdn.co/image/ab6761610000e5eb633eb45aed49a3318ef2efcb,True,55
473,FIFTY FIFTY,Cupid,4dKa5ZzlGqUy3Wo0yaXKNI,80,2023,k-pop,0.77,0.661,2,-8.199,1,0.0336,0.652,0.0,0.383,0.943,120.053,174253,4,1989684,63,https://i.scdn.co/image/ab6761610000e5eb03d311217d78183e769e2bf7,False,0
474,FIFTY FIFTY,Cupid - Twin Ver.,3Kw7zkALCVxY4wmlnh2IWC,80,2023,k-pop,0.782,0.587,11,-8.3,0,0.0324,0.428,1.85e-06,0.337,0.76,120.041,174253,4,1989684,63,https://i.scdn.co/image/ab6761610000e5eb03d311217d78183e769e2bf7,False,0
475,Falling In Reverse,Watch The World Burn,4CiVz4bw7X1zjCaJ5ZwxUS,80,2023,metal,0.395,0.784,10,-5.903,0,0.132,0.0135,0.0,0.213,0.353,161.946,203948,4,4283243,74,https://i.scdn.co/image/ab6761610000e5eb4a733f510df96652c3bea05b,True,66
476,Rauw Alejandro,Desesperados,6mmPpaltUZK7xjNlBPQQ0p,80,2021,pop,0.869,0.694,1,-3.35,0,0.0783,0.356,0.00125,0.0878,0.511,90.02,224997,4,31082805,88,https://i.scdn.co/image/ab6761610000e5eb43ea45ccf08451d2511d33fa,True,78
477,TOMORROW X TOGETHER,Tinnitus (Wanna be a rock),0f0SbtoKGe41cX5LzlnX6X,80,2023,k-pop,0.9,0.725,5,-6.213,0,0.135,0.179,0.00101,0.0791,0.791,100.015,157262,4,12020797,77,https://i.scdn.co/image/ab6761610000e5eb1c81416bbbfe539adb9d7050,False,65
478,Benson Boone,In The Stars,1ei3hzQmrgealgRKFxIcWn,80,2022,pop,0.362,0.54,10,-6.031,1,0.0528,0.338,0.0,0.139,0.3,78.007,216410,3,7045466,83,https://i.scdn.co/image/ab6761610000e5ebb68234e1a673acc3d873d3e6,False,75
479,Feid,Ferxxo 100,1sbNEFiURUYfy024cJX8JG,80,2022,pop,0.705,0.562,8,-3.378,0,0.0674,0.257,0.0,0.137,0.569,163.893,167760,4,18885687,86,https://i.scdn.co/image/ab6761610000e5eb600ee3d2a14da8d038fa7bbf,False,73
480,Ghost,Mary On A Cross,2HZLXBOnaSRhXStMLrq9fD,80,2019,hard-rock,0.466,0.9,11,-4.469,1,0.0447,0.000235,0.00104,0.103,0.561,130.02,244804,4,3770138,73,https://i.scdn.co/image/ab6761610000e5eb2d972470f1f8110be7c07017,False,5
481,Tego Calderón,Pa' Que Retozen,5YJ4BVvTFmVCxUyhKejHfR,80,2003,hip-hop,0.815,0.856,1,-3.825,0,0.122,0.4,8.34e-05,0.244,0.872,91.995,151667,4,4957396,71,https://i.scdn.co/image/ab6761610000e5eb145e37118900fb7f7261af16,True,78
482,Chani Nattan,Daku,3wz2vWhYnnBoFmgMkqtzLy,80,2021,hip-hop,0.847,0.558,8,-5.855,0,0.0663,0.325,0.0,0.135,0.495,98.062,131078,4,526762,57,https://i.scdn.co/image/ab6761610000e5eb720bb34f5807eabb04a71ed7,False,37
483,Taylor Swift,Wildest Dreams (Taylor's Version),1Ov37jtRQ2YNAe8HzfczkL,80,2021,pop,0.583,0.67,8,-7.289,1,0.0646,0.0374,0.0001,0.126,0.498,140.061,220433,4,145396321,100,https://i.scdn.co/image/ab6761610000e5ebe2e8e7ff002a4afda1c7147e,False,72
484,Imagine Dragons,Natural,2FY7b99s15jUprqC0M5NCT,80,2018,rock,0.704,0.611,2,-6.112,1,0.0409,0.217,0.0,0.0812,0.22,100.0,189467,4,58364373,85,https://i.scdn.co/image/ab6761610000e5ebab47d8dae2b24f5afe7f9d38,False,80
485,Childish Gambino,Les,0YsGMHid6sFq5PcToe3JZE,80,2011,hip-hop,0.541,0.674,1,-7.04,0,0.0841,0.00649,9.76e-05,0.235,0.123,103.139,317293,4,14557537,78,https://i.scdn.co/image/ab6761610000e5ebc3dc5429b676b16d451e5f77,True,8
486,David Guetta,Crazy What Love Can Do,1WCEAGGRD066z2Q89ObXTq,80,2022,dance,0.601,0.713,4,-3.758,0,0.0449,0.0282,0.0,0.158,0.464,122.872,169756,4,27139342,87,https://i.scdn.co/image/ab6761610000e5ebf150017ca69c8793503c2d4f,False,70
487,One Direction,18,3JjnGLK8IxkNLvo8Lb3KOM,80,2014,pop,0.681,0.582,6,-7.76,0,0.0313,0.22,0.0,0.119,0.221,124.038,248360,4,40270893,83,https://i.scdn.co/image/5bb443424a1ad71603c43d67f5af1a04da6bb3c8,False,79
488,King,Tu Aake Dekhle,0yCWDaAgOtg6TKlNCg9rwA,80,2020,hip-hop,0.77,0.84,11,-4.022,1,0.107,0.515,0.00452,0.145,0.192,96.012,270000,4,9375404,63,https://i.scdn.co/image/ab6761610000e5eb3de5e76cc83756f612242378,False,0
489,Matheus Fernandes,Altas Loucurinhas (Uni Duni Tê) - Ao Vivo,2kBbHpJTc7MWs8F3XhClBD,80,2023,forro,0.857,0.772,9,-2.418,1,0.0345,0.245,0.0,0.118,0.886,128.0,202412,4,937201,68,https://i.scdn.co/image/ab6761610000e5ebaa4393599997eb6a4bcb5500,False,55
490,Rauw Alejandro,RON COLA,5S8i9p2xS8M8pFqfZMbMzI,80,2023,pop,0.739,0.682,9,-5.121,0,0.0972,0.417,3.95e-05,0.105,0.476,94.048,186723,4,31082805,88,https://i.scdn.co/image/ab6761610000e5eb43ea45ccf08451d2511d33fa,True,63
491,MC K.K,Agudo Mágico 3,6Hio4nlyWL2WBL8nYlbuGt,80,2022,funk,0.649,0.797,6,-2.405,0,0.0504,0.221,0.0352,0.0728,0.49,129.966,176360,4,213226,57,https://i.scdn.co/image/ab6761610000e5eb773331ca9ac6b30ff829dfcd,True,69
492,Justine Skye,Collide (Sped Up Remix),1r6qzxz77Tvbrvqd1Q1MIN,80,2022,pop,0.362,0.432,2,-9.359,0,0.112,0.0882,0.0,0.264,0.256,81.29,221169,4,956277,61,https://i.scdn.co/image/ab6761610000e5ebb690b6f30c0c6cac2a94e3bb,True,64
493,Taylor Swift,Bejeweled,3qoftcUZaUOncvIYjFSPdE,80,2022,pop,0.696,0.559,7,-9.19,1,0.0693,0.0618,5.58e-05,0.0887,0.433,163.999,194166,4,145396321,100,https://i.scdn.co/image/ab6761610000e5ebe2e8e7ff002a4afda1c7147e,False,73
494,SZA,Kill Bill - Sped Up Version,2ty6DmPnxVPpEFuB23XM0x,80,2023,pop,0.678,0.798,10,-5.195,1,0.0316,0.0383,0.269,0.126,0.509,99.941,137528,4,33029522,87,https://i.scdn.co/image/ab6761610000e5ebfd0a9fb6c252a3ba44079acf,False,56
495,Rihanna,Rude Boy,60jzFy6Nn4M0iD1d94oteF,80,2009,pop,0.563,0.75,11,-4.496,1,0.127,0.113,0.0,0.0788,0.812,173.906,222920,4,68997177,90,https://i.scdn.co/image/ab6761610000e5ebcb565a8e684e3be458d329ac,True,78
496,Arctic Monkeys,505,58ge6dfP91o9oXMzq3XkIS,80,2007,garage,0.52,0.852,0,-5.866,1,0.0543,0.00237,5.79e-05,0.0733,0.234,140.267,253587,4,32059138,84,https://i.scdn.co/image/ab6761610000e5eb7da39dea0a72f581535fb11f,False,81
497,Calvin Harris,Summer,6YUTL4dYpB9xZO5qExPf05,80,2014,dance,0.596,0.856,4,-3.556,0,0.0346,0.0211,0.0178,0.141,0.743,127.949,222533,4,23078238,84,https://i.scdn.co/image/ab6761610000e5eb1e4bcd2bef1896648762dd6b,False,82
498,Panic! At The Disco,High Hopes,1rqqCSm0Qe4I9rUvWncaom,80,2018,rock,0.579,0.904,5,-2.729,1,0.0618,0.193,0.0,0.064,0.681,82.014,190947,4,12721192,76,https://i.scdn.co/image/ab6761610000e5ebb256ae9a4b82bfff97776ae2,False,79
499,Morgan Wallen,Thought You Should Know,6NHpyYvJyQsg2nXXzGYc2R,79,2022,country,0.529,0.695,6,-6.174,1,0.0278,0.488,1.24e-05,0.142,0.514,139.993,215572,4,13992482,88,https://i.scdn.co/image/ab6761610000e5eb4245b1652fcc23f2b76ccd07,True,18
500,Shubh,Baller,42TMa2hgBNjte4uV7jNCnQ,79,2022,hip-hop,0.711,0.702,5,-10.048,1,0.233,0.00487,0.0163,0.0932,0.674,180.219,148188,4,9948204,75,https://i.scdn.co/image/ab6761610000e5eb4490e20daec093c04ede38c6,False,68
501,"Tyler, The Creator",EARFQUAKE,5hVghJ4KaYES3BFUATCYn0,79,2019,hip-hop,0.554,0.498,9,-8.866,1,0.0685,0.23,5.98e-06,0.795,0.413,79.635,190067,4,24420596,86,https://i.scdn.co/image/ab6761610000e5ebdf2728294ff77dd11eeb18fb,True,78
502,Bakar,Hell N Back,3NRql0A1Ef4RCvT473iqgD,79,2019,hip-hop,0.584,0.684,10,-4.314,0,0.567,0.312,9.05e-05,0.112,0.72,210.164,213573,4,713777,64,https://i.scdn.co/image/ab6761610000e5ebb66dc2607e5a3376ee4401ca,True,71
503,Kendrick Lamar,Money Trees,2HbKqm4o0w5wEeEFXm2sD4,79,2012,hip-hop,0.716,0.531,7,-7.355,1,0.122,0.0703,0.0,0.224,0.344,71.994,386907,4,44577310,89,https://i.scdn.co/image/ab6761610000e5eb39ba6dcd4355c03de0b50918,True,78
504,Zack Tabudlo,Pano,08MFgEQeVLF37EyZ7jcwLc,79,2021,acoustic,0.375,0.457,3,-7.018,1,0.0315,0.868,0.0145,0.191,0.415,174.839,254400,3,4802359,64,https://i.scdn.co/image/ab6761610000e5ebe804606b05d12cbb01c6ec32,False,67
505,Nathan Dawe,21 Reasons (feat. Ella Henderson),1RF02Cf80mTaeNXG2P2boR,79,2022,dance,0.621,0.785,6,-4.499,1,0.11,0.0165,5.92e-06,0.0512,0.779,123.96,155253,4,160973,59,https://i.scdn.co/image/ab6761610000e5eb23d2ad2aef5582a4484ecec0,False,72
506,Mac DeMarco,My Kind of Woman,6jgkEbmQ2F2onEqsEhiliL,79,2012,edm,0.501,0.765,6,-7.063,0,0.0281,0.00294,0.49,0.184,0.46,91.771,190846,4,7990625,79,https://i.scdn.co/image/ab6761610000e5ebc9aca5b6d4c528caf75e8a1d,False,82
507,Mustard,Ballin' (with Roddy Ricch),3QzAOrNlsabgbMwlZt7TAY,79,2019,hip-hop,0.809,0.545,7,-6.678,1,0.0735,0.392,0.0,0.151,0.244,97.008,180435,4,1929068,71,https://i.scdn.co/image/ab6761610000e5eb54406b7007a449aeaac06c44,True,73
508,50 Cent,Candy Shop,5D2mYZuzcgjpchVY1pmTPh,79,2005,hip-hop,0.614,0.574,11,-7.961,1,0.466,0.0253,3.2e-05,0.38,0.755,125.173,209107,5,18851875,82,https://i.scdn.co/image/dd031b9c5d1b6eba4a691cd89c954255aae787f2,True,80
509,Frank Ocean,Novacane,4osgfFTICMkcGbbigdsa53,79,2011,hip-hop,0.762,0.508,3,-9.112,1,0.0919,0.0584,0.00126,0.16,0.37,93.51,302347,4,20280852,83,https://i.scdn.co/image/ab6761610000e5ebee3123e593174208f9754fab,True,81
510,Harry Styles,Keep Driving,2NcQic8JxdjAlAHuNbOIRE,79,2022,pop,0.721,0.479,9,-9.669,1,0.226,0.321,0.00156,0.182,0.902,164.948,140242,3,34130771,80,https://i.scdn.co/image/ab6761610000e5ebf7db7c8ede90a019c54590bb,False,68
511,Harry Styles,Little Freak,3i058E8uxTsYqJ5NWZzqSj,79,2022,pop,0.559,0.535,3,-7.723,1,0.039,0.719,0.000143,0.0954,0.402,141.96,202183,4,34130771,80,https://i.scdn.co/image/ab6761610000e5ebf7db7c8ede90a019c54590bb,False,71
512,Lizzo,Special (feat. SZA),0rc1HCVoReqzzXF9jssqZk,79,2023,dance,0.464,0.724,7,-5.019,1,0.0705,0.0188,0.0,0.679,0.303,82.526,174749,4,5739313,68,https://i.scdn.co/image/ab6761610000e5eb2f0129f850e50486a7c849b8,True,52
513,Rag'n'Bone Man,Human,58zsLZPvfflaiIbNWoA22O,79,2017,soul,0.602,0.707,9,-4.097,1,0.302,0.393,0.0,0.165,0.554,75.087,200187,4,2244656,65,https://i.scdn.co/image/ab6761610000e5eb2e1c186b5007594109f43e2c,False,77
514,Maroon 5,Beautiful Mistakes (feat. Megan Thee Stallion),5zFglKYiknIxks8geR8rcL,79,2021,pop,0.713,0.676,10,-5.483,1,0.027,0.0377,0.0,0.154,0.721,99.048,227395,4,45764832,85,https://i.scdn.co/image/ab6761610000e5ebf8349dfb619a7f842242de77,False,75
515,Rels B,pa quererte,0FDTPGlLjF8SGWSsHyzNBe,79,2022,hip-hop,0.937,0.63,2,-6.063,0,0.0502,0.61,3.88e-06,0.0734,0.943,132.033,167273,4,9995643,81,https://i.scdn.co/image/ab6761610000e5ebbf0eba7a7a19be9e0a5b2315,False,70
516,Morgan Wallen,One Thing At A Time,6KGtAlYvgm4W9PoYabFAYE,79,2022,country,0.614,0.913,7,-5.126,1,0.0296,0.0042,1.72e-06,0.26,0.92,141.982,206865,4,13992482,88,https://i.scdn.co/image/ab6761610000e5eb4245b1652fcc23f2b76ccd07,False,18
517,LF SYSTEM,Afraid To Feel,40SBS57su9xLiE1WqkXOVr,79,2022,disco,0.578,0.912,1,-3.929,1,0.114,0.0166,0.00362,0.273,0.68,127.87,177525,4,98228,58,https://i.scdn.co/image/ab6761610000e5eb0a8280f14e88b336697b970c,False,76
518,Kendrick Lamar,Alright,3iVcZ5G6tvkXZkZKlMpIUs,79,2015,hip-hop,0.796,0.766,7,-5.974,1,0.238,0.0742,0.0,0.0827,0.558,110.034,219333,4,44577310,89,https://i.scdn.co/image/ab6761610000e5eb39ba6dcd4355c03de0b50918,True,79
519,Luísa Sonza,MAMA.CITA (hasta la vista),2m6ZDDrTvDQtKbwNFyI3r5,79,2022,funk,0.778,0.706,6,-3.864,1,0.133,0.0607,0.0,0.0969,0.71,129.027,154419,4,6628565,72,https://i.scdn.co/image/ab6761610000e5eb29651ca8a99a50f86e36a699,False,55
520,MKTO,Classic,6FE2iI43OZnszFLuLtvvmg,79,2012,dance,0.72,0.791,1,-4.689,1,0.124,0.0384,0.0,0.157,0.756,102.071,175427,4,1101988,62,https://i.scdn.co/image/ab6761610000e5ebbc861f3d1ba68614d3a301b4,False,79
521,J. Cole,Work Out,2wAJTrFhCnQyNSD3oUgTZO,79,2011,hip-hop,0.831,0.427,2,-6.903,1,0.106,0.0531,0.0,0.307,0.216,93.004,235320,4,27069939,82,https://i.scdn.co/image/ab6761610000e5eb4b053c29fd4b317ff825f0dc,True,79
522,Lana Del Rey,Cinnamon Girl,2mdEsXPu8ZmkHRRtAdC09e,79,2019,pop,0.294,0.337,6,-10.614,0,0.036,0.814,0.414,0.14,0.135,91.781,300683,5,51773650,88,https://i.scdn.co/image/ab6761610000e5ebb99cacf8acd5378206767261,False,86
523,Adele,Rolling in the Deep,1c8gk2PeTE04A1pIDH9YMk,79,2011,pop,0.73,0.769,8,-5.114,1,0.0298,0.138,0.0,0.0473,0.507,104.948,228093,4,66705650,83,https://i.scdn.co/image/ab6761610000e5eb68f6e5892075d7f22615bd17,False,78
524,Baby Keem,ORANGE SODA,5FkoSXiJPKTNyYgALRJFhD,79,2019,hip-hop,0.83,0.564,1,-7.822,1,0.235,0.177,0.0,0.128,0.107,85.042,129882,4,3127881,72,https://i.scdn.co/image/ab6761610000e5ebd6f2323c1971fd5a70cd0255,True,75
525,Kodaline,All I Want,0NlGoUyOJSuSHmngoibVAs,79,2013,pop,0.188,0.411,0,-9.733,1,0.0484,0.174,0.153,0.0843,0.159,187.376,305747,3,3183603,65,https://i.scdn.co/image/ab6761610000e5eb0b99560e4162fe239ac6d3ba,False,79
526,Lewis Capaldi,Pointless,4JBiO7wRnE6ueszEUpo347,79,2022,pop,0.325,0.59,4,-3.943,1,0.0495,0.0686,0.0,0.104,0.278,180.449,235752,3,14039018,79,https://i.scdn.co/image/ab6761610000e5ebdc9e707b0d0e591e08d3f549,False,0
527,Rels B,A Mí,7MmrcXVA7A5zZ2CbDuGHNa,79,2019,hip-hop,0.846,0.548,1,-6.397,1,0.256,0.241,0.0713,0.0419,0.516,94.925,209680,4,9995643,81,https://i.scdn.co/image/ab6761610000e5ebbf0eba7a7a19be9e0a5b2315,False,80
528,SZA,Good Days,3YJJjQPAbDT7mGpX3WtQ9A,79,2020,pop,0.436,0.655,1,-8.37,0,0.0583,0.499,8.1e-06,0.688,0.412,121.002,279204,4,33029522,87,https://i.scdn.co/image/ab6761610000e5ebfd0a9fb6c252a3ba44079acf,True,72
529,Adele,Set Fire to the Rain,73CMRj62VK8nUS4ezD2wvi,79,2011,pop,0.603,0.67,2,-3.882,0,0.0249,0.00408,1.68e-06,0.112,0.446,107.993,242974,4,66705650,83,https://i.scdn.co/image/ab6761610000e5eb68f6e5892075d7f22615bd17,False,78
530,Peso Pluma,El Belicon,5bU6rOWXTwagpjUcGp7I8N,79,2022,sad,0.409,0.713,8,-6.713,1,0.03,0.434,0.000719,0.206,0.725,97.029,214398,3,23945513,86,https://i.scdn.co/image/ab6761610000e5ebe5283f5b671cf618b82a2696,True,64
531,Pharrell Williams,"Happy - From ""Despicable Me 2""",60nZcImufyMA1MKQY3dcCH,79,2014,hip-hop,0.647,0.822,5,-4.662,0,0.183,0.219,0.0,0.0908,0.962,160.019,232720,4,5314090,79,https://i.scdn.co/image/ab6761610000e5ebf0789cd783c20985ec3deb4e,False,79
532,Mc Jacaré,Toma Tapa,2Vl7x4BkNhhJkEmQQMcV0V,79,2022,funk,0.921,0.55,3,-4.736,0,0.369,0.196,1.41e-05,0.0947,0.848,129.847,122995,4,1001450,71,https://i.scdn.co/image/ab6761610000e5eb29915070fc94a63b974d185b,True,61
533,Daddy Yankee,LA HORA Y EL DÍA,1j4yhkxSCEDmiLVKjpYKWq,79,2023,hip-hop,0.806,0.83,7,-3.767,0,0.0981,0.117,0.0,0.101,0.663,81.01,217255,4,37808808,85,https://i.scdn.co/image/ab6761610000e5eb9a6918fd0b2fd675d63c675d,True,45
534,"Tyler, The Creator",BEST INTEREST,3jHdKaLCkuNEkWcLVmQPCX,79,2020,hip-hop,0.596,0.575,11,-8.325,0,0.0514,0.0861,0.000153,0.334,0.34,98.265,127921,3,24420596,86,https://i.scdn.co/image/ab6761610000e5ebdf2728294ff77dd11eeb18fb,True,76
535,Rihanna,Pon de Replay,4TsmezEQVSZNNPv5RJ65Ov,79,2005,pop,0.779,0.64,7,-8.415,1,0.159,0.000155,0.00077,0.101,0.498,99.019,246960,4,68997177,90,https://i.scdn.co/image/ab6761610000e5ebcb565a8e684e3be458d329ac,False,79
536,Eminem,Not Afraid,7Ie9W94M7OjPoZVV216Xus,79,2010,hip-hop,0.855,0.954,0,-1.19,0,0.264,0.529,0.0,0.205,0.668,114.635,248133,5,104517308,88,https://i.scdn.co/image/ab6761610000e5eba00b11c129b27a88fc72f36b,True,79
537,$uicideboy$,"...And to Those I Love, Thanks for Sticking Around",30QR0ndUdiiMQMA9g1PGCm,79,2020,hip-hop,0.792,0.511,2,-6.876,1,0.0409,0.124,9.04e-05,0.14,0.111,113.983,168490,4,8957416,83,https://i.scdn.co/image/ab6761610000e5ebc4817922f21a5f2a36e12bf2,True,77
538,Lil Peep,Falling Down - Bonus Track,4jvjzW7Hm0yK4LvvE0Paz9,79,2018,emo,0.669,0.574,4,-6.442,0,0.0286,0.0175,0.00294,0.146,0.273,120.013,196400,4,15684530,82,https://i.scdn.co/image/ab6761610000e5eb3d9d59e200e82fa53d8781a1,True,83
539,MC Cabelinho,FOGO E GASOLINA,52EYWdjiulHaehpexuowyh,79,2022,funk,0.531,0.629,10,-6.378,0,0.108,0.184,0.0,0.134,0.508,141.562,181768,4,9773241,73,https://i.scdn.co/image/ab6761610000e5eb89347b9c5c47c75ee7595198,True,66
540,Toosii,Favorite Song,1SRw5p2lVAi7RGlHEmZg66,79,2023,hip-hop,0.816,0.367,2,-9.354,1,0.0588,0.314,0.0,0.0987,0.413,116.035,208630,4,2341964,63,https://i.scdn.co/image/ab6761610000e5ebb0dc82d81e2235ceefe0d659,False,64
541,Duki,Si Me Sobrara el Tiempo,2ypbIXW3a7fsLdLtLpZWDZ,79,2023,hip-hop,0.733,0.822,8,-3.842,0,0.077,0.0308,0.0,0.101,0.348,122.005,188784,4,13312140,79,https://i.scdn.co/image/ab6761610000e5eb0f682e8d99b232d621a25c3b,False,61
542,SZA,Broken Clocks,2fXwCWkh6YG5zU1IyvQrbs,79,2017,pop,0.692,0.684,6,-7.364,1,0.155,0.131,0.0,0.156,0.406,112.912,231253,4,33029522,87,https://i.scdn.co/image/ab6761610000e5ebfd0a9fb6c252a3ba44079acf,True,77
543,Khalid,Young Dumb & Broke,5Z3GHaZ6ec9bsiI5BenrbY,79,2017,pop,0.799,0.539,1,-6.351,1,0.0421,0.199,1.66e-05,0.165,0.394,136.948,202547,4,16943442,82,https://i.scdn.co/image/ab6761610000e5eb8f77c3eddc1869e9542b04bc,False,81
544,Oxlade,KU LO SA - A COLORS SHOW,2WigMwGJysIh9fRnSJvpjn,79,2022,pop,0.649,0.655,10,-5.534,0,0.0652,0.307,0.0,0.22,0.793,92.9,147581,4,1526159,61,https://i.scdn.co/image/ab6761610000e5eb2cdb1148e14bf21f3adc78de,False,71
545,Daniel Caesar,Get You (feat. Kali Uchis),7zFXmv6vqI4qOt4yGf3jYZ,79,2017,pop,0.658,0.294,4,-8.533,0,0.0321,0.422,5.2e-05,0.0749,0.358,74.038,278180,4,11125697,84,https://i.scdn.co/image/ab6761610000e5ebe4d94f7cbebb17504c25d419,False,13
546,Maroon 5,Animals,2bL2gyO6kBdLkNSkxXNh6x,79,2014,pop,0.279,0.742,4,-6.46,0,0.0898,0.000185,0.0,0.593,0.328,189.868,231013,4,45764832,85,https://i.scdn.co/image/ab6761610000e5ebf8349dfb619a7f842242de77,False,81
547,Taylor Swift,Getaway Car,0VE4kBnHJUgtMf0dy6DRmW,79,2017,pop,0.562,0.689,2,-6.745,1,0.127,0.00465,2.23e-06,0.0888,0.351,172.054,233627,4,145396321,100,https://i.scdn.co/image/ab6761610000e5ebe2e8e7ff002a4afda1c7147e,False,80
548,Chord Overstreet,Hold On,5vjLSffimiIP26QG5WcN2K,79,2017,acoustic,0.618,0.443,2,-9.681,1,0.0526,0.469,0.0,0.0829,0.167,119.949,198853,4,424988,60,https://i.scdn.co/image/ab6761610000e5eb2c0c6c5b9312d4121a077139,False,78
549,Selena Gomez,Wolves,0tBbt8CrmxbjRP0pueQkyU,79,2017,dance,0.724,0.804,11,-4.614,0,0.0448,0.124,0.0,0.204,0.306,124.987,197993,4,53260584,81,https://i.scdn.co/image/ab6761610000e5eb815e520e3ce7fe210046ba66,False,76
550,Dua Lipa,New Rules,2ekn2ttSfGqwhhate0LSR0,79,2017,dance,0.762,0.7,9,-6.021,0,0.0694,0.00261,1.56e-05,0.153,0.608,116.073,209320,4,46886554,85,https://i.scdn.co/image/ab6761610000e5eb0c68f6c95232e716f0abee8d,False,80
551,Nicki Minaj,Super Freaky Girl,4C6Uex2ILwJi9sZXRdmqXp,79,2022,dance,0.95,0.891,2,-2.653,1,0.241,0.0645,1.77e-05,0.309,0.912,133.01,170977,4,34293318,84,https://i.scdn.co/image/ab6761610000e5eb07a50f0a9a8f11e5a1102cbd,True,67
552,Daniel Caesar,Best Part (feat. H.E.R.),1RMJOxR6GRPsBHL8qeC2ux,79,2017,pop,0.524,0.364,7,-10.209,1,0.0367,0.808,0.0,0.1,0.436,75.24,209831,4,11125697,84,https://i.scdn.co/image/ab6761610000e5ebe4d94f7cbebb17504c25d419,False,14
553,Cian Ducrot,I'll Be Waiting,0JIhRhZPF5j5dx0FGqTWxy,79,2022,pop,0.509,0.619,1,-4.102,1,0.0391,0.355,0.0,0.0739,0.544,155.955,172547,4,502571,59,https://i.scdn.co/image/ab6761610000e5eba0d51127889006777495532f,False,49
554,Luke Combs,The Kind of Love We Make,48UKTR66uUOT9LaUvooTNx,79,2022,country,0.608,0.745,1,-4.13,1,0.0277,0.0226,6.47e-06,0.0942,0.464,102.025,224427,4,13397845,83,https://i.scdn.co/image/ab6761610000e5eb584e28452f46640852c2aed4,False,74
555,Eminem,Sing For The Moment,3CpoeW0cZSDzIRv5z34F87,79,2002,hip-hop,0.668,0.824,5,-4.164,0,0.137,0.0017,3.05e-06,0.0426,0.185,163.961,339547,4,104517308,88,https://i.scdn.co/image/ab6761610000e5eba00b11c129b27a88fc72f36b,True,75
556,Giveon,Heartbreak Anniversary,3FAJ6O0NOHQV8Mc5Ri6ENp,79,2020,pop,0.449,0.465,0,-8.964,1,0.0791,0.524,1.02e-06,0.303,0.543,89.087,198371,3,,,,False,77
557,Luke Combs,Beautiful Crazy,2rxQMGVafnNaRaXlRMWPde,79,2018,country,0.551,0.402,11,-7.431,1,0.0262,0.676,0.0,0.0928,0.382,103.313,193200,4,13397845,83,https://i.scdn.co/image/ab6761610000e5eb584e28452f46640852c2aed4,False,78
558,Billie Eilish,idontwannabeyouanymore,41zXlQxzTi6cGAjpOXyLYH,79,2017,electro,0.483,0.412,7,-8.461,1,0.0402,0.737,0.0,0.116,0.247,170.163,203569,3,118692183,90,https://i.scdn.co/image/ab6761610000e5eb4a21b4760d2ecb7b0dcdc8da,False,78
559,Felipe e Rodrigo,Média Boa - Ao Vivo,1dMyIigB6MDsfD3xuG6TbO,79,2022,sertanejo,0.676,0.824,9,-3.675,1,0.0657,0.382,0.0,0.529,0.73,118.071,148900,3,545692,71,https://i.scdn.co/image/ab6761610000e5ebbd2f0e9cd5aa71f17660231c,False,49
560,Nelly Furtado,Say It Right,2aI21FnmY7TJVKeMaoQZ0t,79,2006,dance,0.872,0.872,1,-6.328,1,0.139,0.0476,0.00112,0.0543,0.809,116.948,223080,4,4720951,77,https://i.scdn.co/image/ab6761610000e5ebd2ce0bf5614b54bd44e059d5,False,82
561,JVKE,this is what falling in love feels like,2PWTZV5znjLtZC5T1EVJvL,79,2022,indie-pop,0.422,0.44,11,-5.53,1,0.0544,0.617,0.0,0.0837,0.332,128.934,120308,5,5807196,75,https://i.scdn.co/image/ab6761610000e5eb9028079005146db88f6133d0,False,76
562,Nelly Furtado,Maneater,4wH4dJgrsxONID6KS2tDQM,79,2006,dance,0.796,0.777,6,-4.81,1,0.0397,0.0261,0.000358,0.121,0.787,132.722,258893,4,4720951,77,https://i.scdn.co/image/ab6761610000e5ebd2ce0bf5614b54bd44e059d5,False,84
563,Morgan Wallen,I Wrote The Book,7phmBo7bB9I9YifAXqnlqV,79,2023,country,0.692,0.808,2,-3.757,1,0.0396,0.0834,3.75e-05,0.0913,0.802,143.977,181767,4,13992482,88,https://i.scdn.co/image/ab6761610000e5eb4245b1652fcc23f2b76ccd07,False,21
564,Lil Wayne,Love Me,2XHzzp1j4IfTNp1FTn7YFg,79,2013,hip-hop,0.669,0.634,11,-6.476,1,0.0327,0.0125,0.0,0.0946,0.496,124.906,255053,4,17928214,86,https://i.scdn.co/image/ab6761610000e5eb998010cd1075921b5faf16b2,True,85
565,NF,Let You Down,52okn5MNA47tk87PeZJLEL,79,2017,hip-hop,0.662,0.714,5,-5.68,0,0.121,0.312,0.0,0.179,0.464,147.997,212120,4,11162039,76,https://i.scdn.co/image/ab6761610000e5eb1cf142a710a2f3d9b7a62da1,False,77
566,Morgan Wallen,’98 Braves,3oZ6dlSfCE9gZ55MGPJctc,79,2023,country,0.488,0.67,2,-5.759,1,0.0268,0.0969,0.00022,0.257,0.484,142.139,178704,4,13992482,88,https://i.scdn.co/image/ab6761610000e5eb4245b1652fcc23f2b76ccd07,False,24
567,Kendrick Lamar,N95,0fX4oNGBWO3dSGUZcVdVV2,79,2022,hip-hop,0.79,0.67,1,-5.527,1,0.105,0.377,2.32e-06,0.119,0.408,139.956,195950,4,44577310,89,https://i.scdn.co/image/ab6761610000e5eb39ba6dcd4355c03de0b50918,True,72
568,Flo Rida,Low (feat. T-Pain),0CAfXk7DXMnon4gLudAp7J,79,2008,dance,0.918,0.609,10,-5.64,0,0.0791,0.0928,0.0,0.139,0.304,128.008,231400,4,8971415,79,https://i.scdn.co/image/ab6761610000e5eb655ca8f3196953554b479452,False,83
569,21 Savage,ball w/o you,50a8bKqlwDEqeiEknrzkTO,79,2018,hip-hop,0.892,0.633,8,-7.471,1,0.0902,0.0467,0.000189,0.139,0.459,137.994,195047,4,23799771,84,https://i.scdn.co/image/ab6761610000e5eb4f8f76117470957c0e81e5b2,True,76
570,BTS,Yet To Come,10SRMwb9EuVS1K9rYsBfHQ,79,2022,k-pop,0.559,0.885,1,-4.515,1,0.189,0.0432,0.0,0.333,0.683,172.029,193594,4,81181104,85,https://i.scdn.co/image/ab6761610000e5ebd642648235ebf3460d2d1f6a,False,66
571,Morgan Wallen,Everything I Love,03fs6oV5JAlbytRYf3371S,79,2023,country,0.568,0.841,8,-3.802,1,0.0261,0.00514,0.000503,0.147,0.668,103.983,187047,4,13992482,88,https://i.scdn.co/image/ab6761610000e5eb4245b1652fcc23f2b76ccd07,False,25
572,Brent Faiyaz,JACKIE BROWN,2IlT65thKQQw248mhk2PjQ,79,2022,hip-hop,0.726,0.353,10,-10.273,1,0.105,0.65,0.002,0.224,0.503,137.66,169014,4,7897022,80,https://i.scdn.co/image/ab6761610000e5eb2af1d912483f27af21eba49f,True,69
573,Jonas Brothers,Sucker,22vgEDb5hykfaTwLuskFGD,79,2019,dance,0.842,0.734,1,-5.065,0,0.0588,0.0427,0.0,0.106,0.952,137.958,181027,4,7761454,75,https://i.scdn.co/image/ab6761610000e5eb9139f9139ae3eb6d4cbb1c17,False,79
574,Men I Trust,Show Me How,01TyFEZu6mHbffsVfxgrFn,79,2018,indie-pop,0.791,0.267,5,-11.997,1,0.0415,0.674,0.534,0.102,0.544,165.99,215111,4,2325598,69,https://i.scdn.co/image/ab6761610000e5ebfd30ebd7e80dad6b2383aab0,False,3
575,Ty Dolla $ign,"Or Nah (feat. The Weeknd, Wiz Khalifa & DJ Mustard) - Remix",7t2bFihaDvhIrd2gn2CWJO,79,2014,dance,0.805,0.33,1,-8.712,0,0.1,0.22,0.0,0.105,0.211,121.97,242983,4,7316812,81,https://i.scdn.co/image/ab6761610000e5ebdeccf223fe80d308aba91b64,True,80
576,Chase Atlantic,Friends,2jQiSYrwJehQAcuaaQrXnS,79,2015,pop,0.422,0.609,11,-6.361,0,0.0335,0.0114,4.76e-06,0.108,0.0911,107.34,230011,3,10462018,79,https://i.scdn.co/image/ab6761610000e5eba4e2d7045cbcca592ba6c7dd,False,4
577,Taylor Swift,Maroon,3eX0NZfLtGzoLUxPNvRfqm,79,2022,pop,0.637,0.398,7,-8.294,1,0.0564,0.0573,1.03e-06,0.101,0.0374,108.075,218271,4,145396321,100,https://i.scdn.co/image/ab6761610000e5ebe2e8e7ff002a4afda1c7147e,True,75
578,NewJeans,Hurt,5expoVGQPvXuwBBFuNGqBd,79,2022,k-pop,0.599,0.446,10,-6.511,0,0.0833,0.731,0.0,0.105,0.567,179.877,177947,4,11604181,77,https://i.scdn.co/image/ab6761610000e5eb80668ba2b15094d083780ea9,False,72
579,Adele,Oh My God,3Kkjo3cT83cw09VJyrLNwX,79,2021,pop,0.534,0.725,1,-3.906,1,0.046,0.091,0.0,0.0264,0.55,88.098,225149,4,66705650,83,https://i.scdn.co/image/ab6761610000e5eb68f6e5892075d7f22615bd17,False,72
580,Cheriimoya,"Living Life, In The Night",2kx5sQgmjYug0GiDh1a4sU,79,2018,sad,0.624,0.499,0,-9.962,0,0.0495,0.82,0.0,0.12,0.298,143.249,122517,4,51010,51,https://i.scdn.co/image/ab6761610000e5eb7d21ca06db9538acf9160170,True,68
581,Madison Beer,Reckless,5ajjAnNRh8bxFvaVHzpPjh,79,2021,pop,0.386,0.426,3,-6.642,1,0.0363,0.807,0.0,0.14,0.261,180.104,203385,3,8493078,74,https://i.scdn.co/image/ab6761610000e5ebe49a051508f6c1eeaecff664,False,71
582,Pitbull,Time of Our Lives,2bJvI42r8EF3wxjOuDav4r,79,2014,dance,0.721,0.802,1,-5.797,1,0.0583,0.0921,0.0,0.694,0.724,124.022,229360,4,11933906,84,https://i.scdn.co/image/ab6761610000e5eb8d8ac7290d0fe2d12fb6e4d9,True,84
583,DNCE,Cake By The Ocean,76hfruVvmfQbw0eYn1nmeC,79,2016,dance,0.774,0.753,4,-5.446,0,0.0517,0.152,0.0,0.0371,0.896,119.002,219147,4,4592239,66,https://i.scdn.co/image/ab6761610000e5ebf516ed43c65fe21e21a7c5bd,True,81
584,So!YoON!,Smoke Sprite (feat. RM of BTS),5YSkDxmHvzSDWTu4MaEtfa,79,2023,rock,0.608,0.692,9,-3.182,0,0.0441,0.151,0.0,0.173,0.569,131.972,242200,4,244239,48,https://i.scdn.co/image/ab6761610000e5eb9c5731995a04af6e4cf5d746,False,2
585,The Weeknd,Pray For Me,6huNf4dutXRjJyGn7f5BPS,79,2021,pop,0.732,0.678,2,-4.977,1,0.0886,0.0867,2.41e-05,0.112,0.196,100.626,211421,4,112918137,93,https://i.scdn.co/image/ab6761610000e5eb9e528993a2820267b97f6aae,True,76
586,Calum Scott,Dancing On My Own,2BOqDYLOJBiMOXShCV1neZ,79,2018,pop,0.681,0.174,1,-8.745,1,0.0315,0.837,3.35e-05,0.0983,0.231,112.672,260285,4,6168229,73,https://i.scdn.co/image/ab6761610000e5ebbcf0a0b7d6dabc8f6376f045,False,80
587,Peso Pluma,Por las Noches - Remix,5HiA7W5wYDWi06UZFUluRu,79,2023,sad,0.656,0.652,9,-5.434,0,0.0336,0.237,4.23e-05,0.0803,0.222,87.46,222552,3,23945513,86,https://i.scdn.co/image/ab6761610000e5ebe5283f5b671cf618b82a2696,False,61
588,Danny Ocean,Me Rehúso,6ifUES3keWjwXgae8pXI3o,79,2019,pop,0.744,0.804,1,-6.327,1,0.0677,0.0231,0.0,0.0494,0.426,104.823,205715,4,6513384,80,https://i.scdn.co/image/ab6761610000e5ebb485cde5cba6de6e5685278a,False,83
589,Lasso,Ojos Marrones,7gwT3HGL84vF7bgtwL1N88,79,2022,pop,0.809,0.649,8,-4.433,0,0.0416,0.0407,0.0,0.145,0.72,120.014,198520,4,1104063,65,https://i.scdn.co/image/ab6761610000e5eb86adc679ceeaa4faaab3cd82,False,67
590,Lil Nas X,MONTERO (Call Me By Your Name),1SC5rEoYDGUK4NfG82494W,79,2021,hip-hop,0.593,0.503,8,-6.725,0,0.22,0.293,0.0,0.405,0.71,178.781,137704,4,12310527,71,https://i.scdn.co/image/ab6761610000e5eb3758a33e782b46bd7f174e1d,True,74
591,Zach Bryan,Dawns (feat. Maggie Rogers),42TtHTxWk782ZBiqyOi2d1,79,2023,country,0.447,0.441,0,-7.658,1,0.0456,0.874,4.36e-05,0.188,0.286,122.811,290892,4,7320100,84,https://i.scdn.co/image/ab6761610000e5eb4fd54df35bfcfa0fc9fc2da7,True,75
592,Marshmello,Silence,7vGuf3Y35N4wmASOKLUVVU,79,2017,dance,0.52,0.761,4,-3.093,1,0.0853,0.256,4.96e-06,0.17,0.286,141.971,180823,4,34476607,80,https://i.scdn.co/image/ab6761610000e5eb3b2498dc8a8c6eceed0a2db3,False,78
593,Anne-Marie,2002,2BgEsaKNfHUdlh97KmvFyo,79,2018,dance,0.697,0.683,1,-2.881,0,0.117,0.0372,0.0,0.137,0.603,96.133,186987,4,12845551,75,https://i.scdn.co/image/ab6761610000e5ebbb4fcf98f96bd554b3e190cd,False,78
594,Morgan Wallen,Sunrise,0JtgoDDf0ggWaoXCGhcOoT,79,2023,country,0.613,0.765,2,-5.058,0,0.0318,0.259,4.28e-06,0.0832,0.343,139.993,182522,4,13992482,88,https://i.scdn.co/image/ab6761610000e5eb4245b1652fcc23f2b76ccd07,False,25
595,Rauw Alejandro,Todo De Ti,4fSIb4hdOQ151TILNsSEaF,79,2021,pop,0.78,0.718,3,-3.605,0,0.0506,0.31,0.000163,0.0932,0.342,127.949,199604,4,31082805,88,https://i.scdn.co/image/ab6761610000e5eb43ea45ccf08451d2511d33fa,True,72
596,SZA,Love Language,1eIXYZWEfJO3Na2LCCnIJE,79,2022,pop,0.707,0.261,9,-10.139,0,0.0784,0.853,0.0,0.127,0.545,65.038,183893,4,33029522,87,https://i.scdn.co/image/ab6761610000e5ebfd0a9fb6c252a3ba44079acf,True,67
597,Lizzo,2 Be Loved (Am I Ready),2rmwqU7yzTvzkiaRV53DpT,79,2022,dance,0.721,0.769,7,-4.111,1,0.105,0.0922,0.0,0.0817,0.915,155.932,187108,4,5739313,68,https://i.scdn.co/image/ab6761610000e5eb2f0129f850e50486a7c849b8,False,64
598,Taylor Swift,You Belong With Me (Taylor’s Version),1qrpoAMXodY6895hGKoUpA,79,2021,pop,0.632,0.773,6,-4.856,1,0.0346,0.0623,0.0,0.0885,0.474,130.033,231124,4,145396321,100,https://i.scdn.co/image/ab6761610000e5ebe2e8e7ff002a4afda1c7147e,False,82
599,WILLOW,Wait a Minute!,0y60itmpH0aPKsFiGxmtnh,79,2015,pop,0.764,0.705,3,-5.279,0,0.0278,0.0371,1.94e-05,0.0943,0.672,101.003,196520,4,2980061,68,https://i.scdn.co/image/ab6761610000e5eb0e6e067240dd48810379dc81,False,79
600,Alok,Deep Down (feat. Never Dull),7MIhUdNJtaOnDmC5nBC1fb,79,2022,electro,0.687,0.818,0,-4.221,1,0.0778,0.0112,0.0,0.248,0.886,125.952,165753,4,11247155,76,https://i.scdn.co/image/ab6761610000e5eb6b07a040a57d013a7e49f908,False,74
601,SYML,Where's My Love,1B62o4CbdL9ckGvwsz2cgn,79,2019,pop,0.604,0.36,0,-10.109,0,0.0253,0.868,0.0343,0.112,0.37,103.985,202000,4,970358,71,https://i.scdn.co/image/ab6761610000e5eb1a9824a587cc162d8b98fa6f,False,80
602,BØRNS,Electric Love,2GiJYvgVaD2HtM8GqD9EgQ,79,2015,pop,0.611,0.797,6,-7.627,0,0.0533,0.00543,0.00137,0.26,0.518,120.041,218107,4,1373052,65,https://i.scdn.co/image/ab6761610000e5eb252d35c84fb363ff13fc0026,False,79
603,Armani White,BILLIE EILISH.,27ZZdyTSQWI7Cug2d2PkqV,79,2022,hip-hop,0.9,0.509,1,-6.647,1,0.257,0.115,1.67e-06,0.0937,0.765,100.007,99283,4,620799,58,https://i.scdn.co/image/ab6761610000e5ebce14daed2453a642e63cce18,True,65
604,Charlie Puth,Light Switch,1jEBSDN5vYViJQr78W7jr2,79,2022,dance,0.689,0.627,6,-5.692,1,0.308,0.105,0.000321,0.0905,0.905,184.008,187704,4,25301942,79,https://i.scdn.co/image/ab6761610000e5eb6721f541fb123145d4cb3ace,False,72
605,Martin Garrix,In the Name of Love,23L5CiUhw2jV1OIMwthR3S,79,2016,dance,0.501,0.519,4,-5.88,0,0.0409,0.109,0.0,0.454,0.168,133.99,195707,4,15121684,74,https://i.scdn.co/image/ab6761610000e5ebf5b8ee60f1f4ee3453aba40b,False,78
606,BIBI,BIBI Vengeance,0ra3bPUOj2YnY4FJHXtgHZ,79,2022,k-pop,0.442,0.748,11,-4.718,0,0.0895,0.0272,0.000128,0.0642,0.408,99.981,165135,4,2008952,67,https://i.scdn.co/image/ab6761610000e5ebd7102187f27111bf9361de09,False,4
607,Snow Patrol,Chasing Cars,5hnyJvgoWiQUYZttV4wXy6,79,2006,pop,0.56,0.595,9,-4.53,1,0.0274,0.199,6.47e-05,0.132,0.144,104.011,267960,4,3300881,68,https://i.scdn.co/image/ab6761610000e5eb9b328846dc38b0a620da1ce2,False,83
608,Future,PUFFIN ON ZOOTIEZ,1qMMYpVatbRITKCfq1gasi,79,2022,hip-hop,0.883,0.657,8,-5.748,1,0.305,0.0603,0.0,0.128,0.284,124.992,172933,4,22675640,88,https://i.scdn.co/image/ab6761610000e5eb7565b356bc9d9394eefa2ccb,True,74
609,5 Seconds of Summer,Youngblood,2iUXsYOEPhVqEBwsqP70rE,79,2018,dance,0.596,0.854,7,-5.114,0,0.463,0.0169,0.0,0.124,0.152,120.274,203418,4,10246277,75,https://i.scdn.co/image/ab6761610000e5eb87cde49a53cfbdbecf68fe02,False,80
610,OneRepublic,Sunshine,5r43qanLhUCdBj8HN3fa6B,79,2021,piano,0.697,0.875,5,-4.621,1,0.034,0.137,0.0,0.28,0.774,140.069,163855,4,18700851,81,https://i.scdn.co/image/ab6761610000e5eb587687df50a967731901fcc2,False,71
611,Lewis Capaldi,Bruises,4Of7rzpRpV1mWRbhp5rAqG,79,2019,pop,0.736,0.308,4,-7.83,1,0.0677,0.946,0.0,0.186,0.361,111.202,220492,4,14039018,79,https://i.scdn.co/image/ab6761610000e5ebdc9e707b0d0e591e08d3f549,False,78
612,MGMT,Little Dark Age,2Y0iGXY6m6immVb2ktbseM,79,2018,alt-rock,0.705,0.712,6,-6.156,1,0.0385,0.0102,0.000855,0.1,0.62,97.512,299960,4,3570464,73,https://i.scdn.co/image/ab6761610000e5eb9dccdc8f4087cbe2bdedc9d3,False,78
613,Daddy Yankee,"Lo Que Pasó, Pasó",26QKsGW4hMuwiEE1ftUMHe,79,2004,hip-hop,0.819,0.741,8,-6.538,0,0.0412,0.104,0.0,0.283,0.84,97.014,210933,4,37808808,85,https://i.scdn.co/image/ab6761610000e5eb9a6918fd0b2fd675d63c675d,False,9
614,SZA,Seek & Destroy,6eT2V7nKXyMf47TwPbtgAD,79,2022,pop,0.651,0.647,1,-5.415,1,0.0654,0.437,0.175,0.205,0.345,152.069,203733,4,33029522,87,https://i.scdn.co/image/ab6761610000e5ebfd0a9fb6c252a3ba44079acf,True,65
615,Drake,Teenage Fever,6n3HGiq4v35D6eFOSwqYuo,79,2017,hip-hop,0.766,0.283,8,-10.33,0,0.0846,0.111,0.0172,0.115,0.144,97.04,219692,4,103039388,95,https://i.scdn.co/image/ab6761610000e5eb4293385d324db8558179afd9,True,81
616,Daddy Yankee,Gasolina,228BxWXUYQPJrJYHDLOHkj,79,2004,hip-hop,0.852,0.797,0,-6.543,1,0.0614,0.322,2.69e-06,0.0845,0.741,96.008,192600,4,37808808,85,https://i.scdn.co/image/ab6761610000e5eb9a6918fd0b2fd675d63c675d,False,13
617,Miley Cyrus,Rose Colored Lenses,3wH4eUkJ1rL5xTU8PZZyOy,79,2023,pop,0.539,0.503,2,-5.338,1,0.0385,0.0574,2.34e-05,0.0847,0.836,174.068,223787,4,26558356,81,https://i.scdn.co/image/ab6761610000e5ebf4cccd14ec026038d713e353,False,0
618,Ava Max,Kings & Queens,7a53HqqArd4b9NF4XAmlbI,79,2020,dance,0.637,0.69,1,-4.057,0,0.0405,0.00786,0.0,0.124,0.457,129.857,162399,4,7750481,77,https://i.scdn.co/image/ab6761610000e5ebea74843364e9ccf868800679,False,82
619,Ava Max,Sweet but Psycho,7DnAm9FOTWE3cUvso43HhI,79,2020,dance,0.72,0.706,1,-4.719,1,0.0473,0.0684,0.0,0.166,0.62,133.002,187436,4,7750481,77,https://i.scdn.co/image/ab6761610000e5ebea74843364e9ccf868800679,False,82
620,Morgan Wallen,Chasin' You,5MwynWK9s4hlyKHqhkNn4A,79,2018,country,0.631,0.591,7,-5.785,1,0.0277,0.657,0.0,0.11,0.489,97.074,205453,4,13992482,88,https://i.scdn.co/image/ab6761610000e5eb4245b1652fcc23f2b76ccd07,False,5
621,Bizarrap,"Tiago PZK: Bzrp Music Sessions, Vol. 48",6VAS7m73rDopQe7BdrFMpD,79,2021,hip-hop,0.657,0.821,8,-3.06,0,0.32,0.459,0.0,0.103,0.752,96.561,160000,4,18188680,76,https://i.scdn.co/image/ab6761610000e5eb14add0d3419426b84158b913,False,67
622,Rihanna,Disturbia,2VOomzT6VavJOGBeySqaMc,78,2008,pop,0.707,0.813,11,-4.515,0,0.0571,0.0863,0.0,0.168,0.722,124.921,238627,4,68997177,90,https://i.scdn.co/image/ab6761610000e5ebcb565a8e684e3be458d329ac,False,81
623,Drake,Major Distribution,46s57QULU02Voy0Kup6UEb,78,2022,hip-hop,0.908,0.546,8,-10.491,0,0.323,0.0127,0.0,0.0707,0.225,131.016,170502,4,103039388,95,https://i.scdn.co/image/ab6761610000e5eb4293385d324db8558179afd9,True,65
624,Öwnboss,Move Your Body,6GomT970rCOkKAyyrwJeZi,78,2021,dance,0.848,0.821,2,-5.408,0,0.0527,0.0169,0.000403,0.0962,0.249,125.051,157445,4,110860,59,https://i.scdn.co/image/ab6761610000e5eba04a13bac7481c3d20c93eed,False,72
625,Drake,Circo Loco,7GeTsDIc5ykNB6lORO6Cee,78,2022,hip-hop,0.734,0.605,1,-8.476,1,0.0699,0.0102,0.0,0.317,0.252,103.976,236795,4,103039388,95,https://i.scdn.co/image/ab6761610000e5eb4293385d324db8558179afd9,True,68
626,Shakira,Dia de Enero,0OEBOJhSObnFuHuasXdt52,78,2005,dance,0.687,0.361,10,-11.589,1,0.0792,0.35,1.11e-05,0.11,0.526,165.747,173133,4,39777995,85,https://i.scdn.co/image/ab6761610000e5eb44b07362e94585ebd7c564c9,False,30
627,Bring Me The Horizon,Can You Feel My Heart,0WSa1sucoNRcEeULlZVQXj,78,2013,metal,0.15,0.859,4,-2.827,0,0.0595,0.00201,0.194,0.387,0.354,170.527,228147,5,6631275,77,https://i.scdn.co/image/ab6761610000e5ebe7c9399d0b5d813c20cbec65,True,78
628,Frank Ocean,Ivy,2ZWlPOoWh0626oTaHrnl2a,78,2016,hip-hop,0.575,0.386,9,-9.584,0,0.037,0.785,0.000289,0.229,0.466,116.408,249191,4,20280852,83,https://i.scdn.co/image/ab6761610000e5ebee3123e593174208f9754fab,True,82
629,Alok,All By Myself,5Hp4xFihdOE2dmDzxWcBFb,78,2022,electro,0.662,0.848,0,-4.338,0,0.0346,0.0932,7.62e-06,0.241,0.773,123.041,171778,4,11247155,76,https://i.scdn.co/image/ab6761610000e5eb6b07a040a57d013a7e49f908,False,64
630,Sasha Alex Sloan,Dancing With Your Ghost,1TQXIltqoZ5XXyfCbAeSQQ,78,2019,electro,0.629,0.328,11,-8.284,1,0.029,0.768,2.5e-05,0.103,0.389,74.953,197732,4,1757724,66,https://i.scdn.co/image/ab6761610000e5eb10b7ef8a43b16465acdc0e1d,False,76
631,Taylor Swift,The Way I Loved You (Taylor’s Version),22bPsP2jCgbLUvh82U0Z3M,78,2021,pop,0.402,0.732,5,-4.665,1,0.0484,0.0033,0.0,0.108,0.472,161.032,243137,4,145396321,100,https://i.scdn.co/image/ab6761610000e5ebe2e8e7ff002a4afda1c7147e,False,76
632,Miley Cyrus,We Can't Stop,2y4lAQpi5VTNLu2ldeTdUH,78,2013,pop,0.613,0.622,1,-5.794,0,0.0334,0.00882,0.0,0.37,0.484,80.003,231240,4,26558356,81,https://i.scdn.co/image/ab6761610000e5ebf4cccd14ec026038d713e353,False,79
633,J. Cole,She Knows (feat. Amber Coffman & Cults),0Fs9cdPDhptWEDJmiCbkEW,78,2013,hip-hop,0.766,0.74,1,-10.363,1,0.0807,0.0193,0.0784,0.229,0.183,118.008,296520,4,27069939,82,https://i.scdn.co/image/ab6761610000e5eb4b053c29fd4b317ff825f0dc,True,73
634,Jordan Davis,Buy Dirt,69AIpwGNLxr4qS1X5ynx60,78,2021,country,0.586,0.559,4,-6.725,1,0.05,0.639,0.0,0.0872,0.437,177.945,167480,4,1615711,72,https://i.scdn.co/image/ab6761610000e5eb2a02b713cac51be638001b05,False,77
635,Luke Combs,When It Rains It Pours,1mMLMZYXkMueg65jRRWG1l,78,2017,country,0.551,0.801,6,-5.069,1,0.0303,0.013,6.03e-06,0.265,0.625,128.027,240760,4,13397845,83,https://i.scdn.co/image/ab6761610000e5eb584e28452f46640852c2aed4,False,80
636,Gabry Ponte,Thunder,2USlegnFJLrVLpoVfPimKB,78,2021,dance,0.67,0.896,1,-4.673,1,0.058,0.0342,3.21e-05,0.344,0.403,101.216,160000,3,715149,72,https://i.scdn.co/image/ab6761610000e5ebfcac554ca653af59cc7a635f,False,76
637,NLE Choppa,DO IT AGAIN (feat. 2Rare),5gAwpwuchaCGnJLlBMGBzp,78,2022,hip-hop,0.806,0.64,11,-7.398,0,0.317,0.0864,0.0,0.201,0.716,160.054,213206,4,10021011,73,https://i.scdn.co/image/ab6761610000e5ebe2c985e8509fc8788a5a5208,True,59
638,Cults,Always Forever,2enPRFda84VE2wtI8c86Uf,78,2013,indie-pop,0.174,0.742,8,-5.93,1,0.0485,0.00181,0.281,0.198,0.36,163.378,223747,4,1254937,66,https://i.scdn.co/image/ab6761610000e5eb92ec52fb43fbd4d2511a9d1d,False,79
639,The Kid LAROI,Thousand Miles,1r8ZCjfrQxoy2wVaBUbpwg,78,2022,hip-hop,0.376,0.657,7,-4.658,1,0.0768,0.0858,0.0,0.0884,0.203,80.565,164782,4,6593079,79,https://i.scdn.co/image/ab6761610000e5ebb4b6c636210168996ad7d1fc,True,64
640,Nickelback,How You Remind Me,0gmbgwZ8iqyMPmXefof8Yf,78,2001,alt-rock,0.446,0.764,10,-5.042,1,0.033,0.00135,0.0,0.099,0.543,172.094,223840,4,7846032,78,https://i.scdn.co/image/ab6761610000e5eb4ad382f899596d8c7b9e8e09,False,85
641,Bruno Mars,Treasure,55h7vJchibLdUkxdlX3fK7,78,2012,dance,0.874,0.692,5,-5.28,0,0.0431,0.0412,7.24e-05,0.324,0.937,116.017,178560,4,75455093,89,https://i.scdn.co/image/ab6761610000e5ebc36dd9eb55fb0db4911f25dd,True,80
642,Shouse,Love Tonight (David Guetta Remix Edit),2prnn41CblB8B4yWACDljP,78,2021,dance,0.621,0.989,10,-4.225,0,0.0434,0.015,0.357,0.184,0.0348,126.002,158095,4,173932,63,https://i.scdn.co/image/ab6761610000e5eb3e2bef54371a39e3422a4e46,False,75
643,Lorde,Royals,2dLLR6qlu5UJ5gk0dKz0h3,78,2013,pop,0.674,0.428,7,-9.504,1,0.122,0.121,0.0,0.132,0.337,84.878,190185,4,10539134,80,https://i.scdn.co/image/ab6761610000e5ebaa69380a8d5203257611662d,False,79
644,Avril Lavigne,Complicated,5xEM5hIgJ1jjgcEBfpkt2F,78,2002,dance,0.585,0.776,5,-5.898,1,0.0459,0.0572,7.74e-06,0.3,0.427,77.987,244507,4,12004691,76,https://i.scdn.co/image/ab6761610000e5ebcea575e8c9519d4367984256,False,83
645,Riton,Friday (feat. Mufasa & Hypeman) - Dopamine Re-Edit,4cG7HUWYHBV6R6tHn1gxrl,78,2021,dance,0.824,0.862,2,-3.424,1,0.126,0.0076,0.000132,0.303,0.801,122.98,169153,4,161129,61,https://i.scdn.co/image/ab6761610000e5eb43b270773d180b196f8cf7ad,False,75
646,Slipknot,Duality,61mWefnWQOLf90gepjOCb3,78,2004,metal,0.354,0.982,4,-3.026,0,0.168,0.000237,0.000294,0.204,0.194,143.772,252613,4,14078228,78,https://i.scdn.co/image/ab6761610000e5ebd0cdb283a7384a0edb665182,False,82
647,Calvin Harris,Feel So Close - Radio Edit,1gihuPhrLraKYrJMAEONyc,78,2012,dance,0.707,0.924,7,-2.842,1,0.031,0.000972,0.00703,0.204,0.919,127.937,206413,4,23078238,84,https://i.scdn.co/image/ab6761610000e5eb1e4bcd2bef1896648762dd6b,False,81
648,Harry Styles,Love Of My Life,1mw0RgNXIpYRyyCdBQbLgA,78,2022,pop,0.555,0.536,7,-8.233,1,0.0452,0.669,0.0,0.0623,0.203,118.057,191638,4,34130771,80,https://i.scdn.co/image/ab6761610000e5ebf7db7c8ede90a019c54590bb,False,68
649,Alfredo Olivas,El Precio De La Soledad,179TZwPk0txEvjkraVTVKo,78,2012,sad,0.715,0.846,10,-3.665,1,0.18,0.129,2.57e-06,0.084,0.909,95.426,186360,4,11465063,76,https://i.scdn.co/image/ab6761610000e5eba8e7bd16561a36f5cc42fafa,False,76
650,Drake,Trust Issues,4Wjhj0WjkyECccfHVIgaTq,78,2019,hip-hop,0.421,0.539,11,-5.456,0,0.274,0.779,0.0,0.111,0.523,89.177,281519,3,103039388,95,https://i.scdn.co/image/ab6761610000e5eb4293385d324db8558179afd9,True,78
651,Taylor Swift,The Great War,3UMrglJeju5yWyYIW6o99b,78,2022,pop,0.573,0.741,5,-8.987,1,0.0353,0.219,2.23e-05,0.0842,0.554,96.016,240356,4,145396321,100,https://i.scdn.co/image/ab6761610000e5ebe2e8e7ff002a4afda1c7147e,False,65
652,Katy Perry,Dark Horse,4jbmgIyjGoXjY01XxatOx6,78,2013,dance,0.647,0.585,6,-6.123,1,0.0512,0.00314,0.0,0.165,0.353,131.934,215672,4,38385499,83,https://i.scdn.co/image/ab6761610000e5eb0988562f78810e47a6e3325f,False,81
653,Zara Larsson,Can't Tame Her,4vOoQh9MhS9pyrbvc8LyMz,78,2023,dance,0.584,0.915,6,-3.199,0,0.11,0.00686,0.000155,0.098,0.57,181.882,196940,4,10911229,77,https://i.scdn.co/image/ab6761610000e5eb11be9310ef4b23734c13b5c8,False,60
654,Kali Uchis,"After The Storm (feat. Tyler, The Creator & Bootsy Collins)",1otG6j1WHNvl9WgXLWkHTo,78,2018,pop,0.702,0.659,4,-6.766,0,0.13,0.301,0.00201,0.218,0.843,79.64,207455,4,9469943,83,https://i.scdn.co/image/ab6761610000e5eb6a5bff9f9278d4eea13bb67e,False,81
655,Summer Walker,Girls Need Love (with Drake) - Remix,14SaZBTjxlorHJQxXh01Hu,78,2018,pop,0.656,0.432,6,-9.481,0,0.217,0.443,0.0,0.132,0.0897,97.022,222374,4,8011254,76,https://i.scdn.co/image/ab6761610000e5ebbfea105b86a4f661489ce099,True,78
656,The Weeknd,In Your Eyes,7szuecWAPwGoV1e5vGu8tl,78,2020,pop,0.667,0.719,7,-5.371,0,0.0346,0.00285,8.1e-05,0.0736,0.717,100.021,237520,4,112918137,93,https://i.scdn.co/image/ab6761610000e5eb9e528993a2820267b97f6aae,True,76
657,Miley Cyrus,Midnight Sky,4i2qxFEVVUi8yOYoxB8TCX,78,2020,pop,0.699,0.805,4,-5.535,0,0.0345,0.00161,0.00177,0.249,0.232,109.976,223280,4,26558356,81,https://i.scdn.co/image/ab6761610000e5ebf4cccd14ec026038d713e353,False,69
658,Sam Smith,Like I Can,2TeLIzFBe3hxkPR5FIQZut,78,2014,pop,0.656,0.627,7,-6.627,0,0.0379,0.343,2.17e-05,0.124,0.481,99.933,167066,4,26272346,81,https://i.scdn.co/image/ab6761610000e5eb3262e01b79152c4f8007f3ac,False,73
659,One Direction,Steal My Girl,2Bs4jQEGMycglOfWPBqrVG,78,2014,pop,0.536,0.768,10,-5.948,0,0.0347,0.00433,0.0,0.114,0.545,77.217,228133,4,40270893,83,https://i.scdn.co/image/5bb443424a1ad71603c43d67f5af1a04da6bb3c8,False,82
660,SZA,Open Arms (feat. Travis Scott),0xaFw2zDYf1rIJWl2dXiSF,78,2022,pop,0.665,0.59,9,-7.608,1,0.161,0.763,0.0132,0.147,0.216,77.559,239613,4,33029522,87,https://i.scdn.co/image/ab6761610000e5ebfd0a9fb6c252a3ba44079acf,False,74
661,SZA,Special,6RQ5IwG7uADz9LDWliJGjU,78,2022,pop,0.604,0.199,0,-11.831,1,0.05,0.777,0.0,0.109,0.191,76.134,158840,4,33029522,87,https://i.scdn.co/image/ab6761610000e5ebfd0a9fb6c252a3ba44079acf,True,67
662,Ricky Montgomery,Line Without a Hook,5NvOZCjZaGGGL597exlQWv,78,2016,indie-pop,0.432,0.652,8,-4.969,1,0.0285,0.262,0.0,0.258,0.507,190.028,249587,3,2402414,68,https://i.scdn.co/image/ab6761610000e5eb1e0b0e47c89504891b7eb484,False,79
663,AP Dhillon,Excuses,29m79w9xPMH4YCD6r8JSmV,78,2020,hip-hop,0.837,0.717,5,-7.749,0,0.0822,0.0842,0.0,0.149,0.494,94.984,176233,4,8745352,75,https://i.scdn.co/image/ab6761610000e5ebfb505b37709fa86cfd8f55b3,False,73
664,KayBlack,Bonjour,2tFmuYL5D8zqBHvs0nG5Tn,78,2023,funk,0.774,0.436,5,-10.792,0,0.0842,0.292,0.0,0.112,0.773,131.068,131927,4,4266898,71,https://i.scdn.co/image/ab6761610000e5eb59d6bbac4718c0bffc9655ba,True,61
665,Eslabon Armado,Jugaste y Sufrí,3NqBxTOMCJ3zW9CIP51td4,78,2020,sad,0.39,0.499,7,-7.778,1,0.0381,0.632,0.000497,0.115,0.34,200.156,275194,1,6441389,75,https://i.scdn.co/image/ab6761610000e5ebefb9255bbd0acdcd6a32accb,False,74
666,Mac Miller,The Spins,51pshtuYkgUQnt5huMPbKL,78,2010,hip-hop,0.794,0.766,9,-3.894,0,0.0377,0.0135,0.0,0.0785,0.55,127.007,195873,4,12173714,81,https://i.scdn.co/image/ab6761610000e5ebed3b89aa602145fde71a163a,True,7
667,Rels B,lo que hay x aquí,5IlLm20JXhKbMtsH20NblC,78,2023,hip-hop,0.807,0.49,8,-7.112,0,0.213,0.522,0.0,0.502,0.739,80.522,152050,4,9995643,81,https://i.scdn.co/image/ab6761610000e5ebbf0eba7a7a19be9e0a5b2315,False,76
668,Pritam,"Pyaar Hota Kayi Baar Hai (From ""Tu Jhoothi Main Makkaar"")",2vPrBucKCfKmafHhSfJ2pt,78,2023,indian,0.772,0.767,0,-4.792,1,0.0381,0.138,0.0,0.557,0.866,122.024,216271,4,59935161,87,https://i.scdn.co/image/ab6761610000e5ebcb6926f44f620555ba444fca,False,68
669,Travis Scott,Goosebumps - Remix,5uEYRdEIh9Bo4fpjDd4Na9,78,2021,house,0.841,0.593,1,-7.846,1,0.0379,0.418,0.0,0.124,0.808,124.917,162803,4,41107596,89,https://i.scdn.co/image/ab6761610000e5eb19c2790744c792d05570bb71,True,73
670,Billie Eilish,Happier Than Ever - Edit,32BeYxKPrig1LefHsC0Xuo,78,2021,electro,0.334,0.599,0,-5.742,1,0.0365,0.0468,0.000392,0.205,0.127,161.74,151444,3,118692183,90,https://i.scdn.co/image/ab6761610000e5eb4a21b4760d2ecb7b0dcdc8da,True,70
671,Fuerza Regida,Me Acostumbre A Lo Bueno,1hHnCReCPe1FUkGLTeuCaC,78,2021,sad,0.715,0.739,6,-3.779,0,0.041,0.578,0.0,0.0887,0.963,101.611,140984,3,19735177,89,https://i.scdn.co/image/ab6761610000e5eb158a3d24a31166b983e26325,True,68
672,Eminem,The Monster,48RrDBpOSSl1aLVCalGl5C,78,2013,hip-hop,0.781,0.853,1,-3.68,0,0.0715,0.0525,0.0,0.12,0.624,110.049,250189,4,104517308,88,https://i.scdn.co/image/ab6761610000e5eba00b11c129b27a88fc72f36b,True,81
673,TWICE,Talk that Talk,0RDqNCRBGrSegk16Avfzuq,78,2022,k-pop,0.772,0.907,3,-2.438,0,0.124,0.136,0.0,0.334,0.783,119.973,177467,4,23326731,83,https://i.scdn.co/image/ab6761610000e5eb3d8820046fd455b38d644864,False,68
674,Miley Cyrus,Thousand Miles (feat. Brandi Carlile),1GN6qqehnqUfUHH1gfK81v,78,2023,pop,0.503,0.722,9,-7.595,1,0.103,0.205,3.52e-05,0.0845,0.354,172.006,231000,4,26558356,81,https://i.scdn.co/image/ab6761610000e5ebf4cccd14ec026038d713e353,False,0
675,Kali Uchis,Moonlight,2i2gDpKKWjvnRTOZRhaPh2,78,2023,pop,0.639,0.723,7,-6.462,0,0.0532,0.511,0.0,0.167,0.878,136.872,187558,4,9469943,83,https://i.scdn.co/image/ab6761610000e5eb6a5bff9f9278d4eea13bb67e,False,74
676,Black Eyed Peas,DON'T YOU WORRY,0gYXw7aPoybWFfB7btQ0eM,78,2022,dance,0.816,0.875,11,-4.821,1,0.0311,0.203,0.0,0.209,0.491,131.958,196364,4,9553224,81,https://i.scdn.co/image/ab6761610000e5ebb3037310c07b99cbefbd2c6d,False,64
677,Michael Jackson,Chicago,5BKKy9fIJL5uM9fz1SnqyP,78,2014,pop,0.608,0.756,7,-2.675,0,0.176,0.0784,0.0,0.187,0.55,176.086,245507,4,37417943,84,https://i.scdn.co/image/ab6761610000e5eb997cc9a4aec335d46c9481fd,False,82
678,Imagine Dragons,Bad Liar,2RSHsoi04658QL5xgQVov3,78,2018,rock,0.383,0.637,3,-6.993,1,0.0703,0.0722,0.0,0.368,0.0827,177.913,260773,4,58364373,85,https://i.scdn.co/image/ab6761610000e5ebab47d8dae2b24f5afe7f9d38,False,81
679,Orochi,Sereia,77UrDaIQq6JZIJWeLgJaRf,78,2022,funk,0.651,0.661,9,-5.08,1,0.147,0.276,0.0,0.105,0.505,114.528,294419,5,8486558,75,https://i.scdn.co/image/ab6761610000e5eb90b1775a323db4e9ec05b0dc,True,53
680,Fuerza Regida,Mi Terre CLN,0MHFbqdlWzAkgO8p7pkfMb,78,2022,sad,0.723,0.697,7,-3.643,1,0.215,0.161,0.0,0.0814,0.858,159.01,172056,3,19735177,89,https://i.scdn.co/image/ab6761610000e5eb158a3d24a31166b983e26325,True,71
681,Beyoncé,AMERICA HAS A PROBLEM,2XMAWynSTIst5KmLSv0Npf,78,2022,dance,0.789,0.614,1,-6.491,1,0.0579,0.00348,0.00152,0.283,0.108,126.035,198898,4,41172203,84,https://i.scdn.co/image/ab6761610000e5eb7eaa373538359164b843f7c0,True,65
682,Lenin Ramírez,Solita (En Vivo),6ggHV1SCPqLLV5U2kyW9qD,78,2022,sad,0.677,0.657,1,-4.657,0,0.0596,0.498,0.0,0.0562,0.812,116.225,215984,1,3403172,65,https://i.scdn.co/image/ab6761610000e5eb4bdcdef3654fa9eb75cf7496,False,56
683,BTS,Boy With Luv (feat. Halsey),4a9tbd947vo9K8Vti9JwcI,78,2019,k-pop,0.645,0.862,11,-4.761,0,0.0845,0.0933,0.0,0.193,0.803,119.947,229773,4,81181104,85,https://i.scdn.co/image/ab6761610000e5ebd642648235ebf3460d2d1f6a,False,76
684,JAY-Z,Numb / Encore,5sNESr6pQfIhL3krM8CtZn,78,2004,hip-hop,0.687,0.793,2,-4.254,1,0.166,0.0603,0.0,0.582,0.751,107.045,205733,4,10371098,82,https://i.scdn.co/image/ab6761610000e5ebc75afcd5a9027f60eaebb5e4,True,78
685,Richy Mitch & The Coal Miners,Evergreen,6me7F0aaZjwDo6RJ5MrfBD,78,2017,folk,0.555,0.216,3,-11.661,1,0.0721,0.557,0.00416,0.109,0.504,79.109,87000,3,314518,67,https://i.scdn.co/image/ab6761610000e5eb01ec31c861d4faed6ae74a11,False,81
686,Dj LK da Escócia,Tubarão Te Amo,4UldILPVpnZO69ffK4B9aA,78,2022,funk,0.889,0.742,4,-3.495,0,0.358,0.299,0.000568,0.066,0.479,130.089,149077,4,68645,63,https://i.scdn.co/image/ab6761610000e5eb9cea05415ae769473f3829c7,True,60
687,Aditya A,Chaand Baaliyan,0snQrp1VaY5Pj1YIHRJpRJ,78,2020,indie-pop,0.729,0.396,0,-8.98,1,0.0359,0.796,0.0,0.104,0.886,97.281,103265,4,243879,53,https://i.scdn.co/image/ab6761610000e5eb248427cd12fd11d717777e3b,False,67
688,Of Monsters and Men,Little Talks,2ihCaVdNZmnHZWt0fvAM7B,78,2012,folk,0.457,0.757,1,-5.177,1,0.032,0.0206,0.0,0.146,0.417,102.961,266600,4,3614880,69,https://i.scdn.co/image/ab6761610000e5ebe4dd88af4c7ea59464728229,False,81
689,The Chainsmokers,Don't Let Me Down,1i1fxkWeaMmKEB4T7zqbzK,78,2016,dance,0.532,0.869,11,-5.094,1,0.172,0.157,0.00508,0.136,0.422,159.803,208373,4,21357977,80,https://i.scdn.co/image/ab6761610000e5eb4567279fac84a0375c3d819b,False,82
690,Calvin Harris,Outside (feat. Ellie Goulding),7MmG8p0F9N3C4AXdK6o6Eb,78,2014,dance,0.646,0.823,2,-4.123,0,0.0394,0.213,0.0,0.322,0.418,128.035,227267,4,23078238,84,https://i.scdn.co/image/ab6761610000e5eb1e4bcd2bef1896648762dd6b,False,85
691,Ariana Grande,Love Me Harder,5J4ZkQpzMUFojo1CtAZYpn,78,2014,dance,0.472,0.714,1,-4.389,0,0.0334,0.00937,0.0,0.0764,0.24,98.992,236133,4,107374593,90,https://i.scdn.co/image/ab6761610000e5eb6725802588d7dc1aba076ca5,False,83
692,Kendrick Lamar,DNA.,6HZILIRieu8S0iqY8kIKhj,78,2017,hip-hop,0.638,0.523,1,-6.664,1,0.357,0.00454,0.0,0.0842,0.422,139.913,185947,4,44577310,89,https://i.scdn.co/image/ab6761610000e5eb39ba6dcd4355c03de0b50918,True,77
693,Joey Bada$$,Love Is Only a Feeling,7umZiitjVsEjMQ6HNddpUI,78,2017,hip-hop,0.629,0.676,1,-7.088,0,0.191,0.53,0.000325,0.701,0.497,90.377,152041,4,3817987,70,https://i.scdn.co/image/ab6761610000e5ebae01fe0d10cd8ebb4707c461,True,75
694,Clairo,Sofia,7B3z0ySL9Rr0XvZEAjWZzM,78,2019,indie-pop,0.744,0.619,0,-9.805,1,0.039,0.598,0.00372,0.231,0.641,112.997,188387,4,6602735,78,https://i.scdn.co/image/ab6761610000e5eb4804c4a44c85afea1a72d1bd,False,44
695,Burna Boy,For My Hand (feat. Ed Sheeran),0HaRLPnr887lcQM2YQzkff,78,2022,dance,0.87,0.479,9,-7.779,1,0.165,0.161,0.000157,0.209,0.717,104.059,159124,4,14060629,79,https://i.scdn.co/image/ab6761610000e5ebb4e44d0f4e3e47af2cf06f3f,False,66
696,Mc Paiva ZS,Casei Com a Putaria,1OZ4uv7OAP24Ix6j3vojLt,78,2022,funk,0.585,0.6,10,-7.008,0,0.436,0.117,0.0,0.0504,0.617,160.635,157500,4,6156670,69,https://i.scdn.co/image/ab6761610000e5eb633eb45aed49a3318ef2efcb,True,63
697,Ari Abdul,BABYDOLL (Speed),5K3SJuYEkvvrLbzOjPyRi1,78,2022,pop,0.552,0.582,11,-5.535,1,0.0404,0.0813,0.205,0.177,0.538,105.483,156651,4,754907,66,https://i.scdn.co/image/ab6761610000e5eb7cd193d17b3d7c67b8ddbf1f,True,69
698,benny blanco,Bad Decisions (with BTS & Snoop Dogg),0xzI1KAr0Yd9tv8jlIk3sn,78,2022,dance,0.762,0.861,0,-3.296,1,0.0955,0.0185,0.0,0.264,0.955,120.048,172714,4,1626627,72,https://i.scdn.co/image/ab6761610000e5eb9e339e423b680759b0006a63,False,64
699,PARTYNEXTDOOR,Her Way,3JEJwjqLkg2Jbau5922CAb,78,2014,pop,0.542,0.487,1,-9.53,1,0.0286,0.0544,0.000885,0.0872,0.119,111.307,216631,4,10103479,83,https://i.scdn.co/image/ab6761610000e5eb957320981e31e862bc2fb844,True,77
700,Britney Spears,Gimme More,6ic8OlLUNEATToEFU3xmaH,78,2007,dance,0.788,0.844,2,-3.131,1,0.0334,0.25,0.000678,0.0723,0.382,113.324,251240,4,17755451,80,https://i.scdn.co/image/ab6761610000e5eb26e59b825251b7df20a7b65e,True,84
701,Jax Jones,Where Did You Go? (feat. MNEK),3sa06xVNmLLYIxdNNmVQN8,78,2022,dance,0.763,0.782,7,-4.541,0,0.0346,0.182,7.08e-06,0.293,0.502,127.034,177689,4,1255871,68,https://i.scdn.co/image/ab6761610000e5eba0ff263b8dc91a36467fd9ca,False,69
702,Morgan Wallen,Whiskey Friends,2ewSCWOL7EAjgmgqfI1UlS,78,2023,country,0.544,0.826,1,-3.848,1,0.0288,0.0631,1.46e-05,0.113,0.596,142.029,205579,4,13992482,88,https://i.scdn.co/image/ab6761610000e5eb4245b1652fcc23f2b76ccd07,False,20
703,Morgan Wallen,Born With A Beer In My Hand,1BAU6v0fuAV914qMUEESR1,78,2023,country,0.531,0.81,0,-5.475,1,0.0401,0.0502,3.95e-05,0.357,0.608,148.026,188524,4,13992482,88,https://i.scdn.co/image/ab6761610000e5eb4245b1652fcc23f2b76ccd07,False,16
704,Morgan Wallen,Devil Don’t Know,2PsbT927UanvyH9VprlNOu,78,2023,country,0.53,0.664,0,-5.648,1,0.0272,0.377,3.76e-05,0.0937,0.323,125.002,205183,4,13992482,88,https://i.scdn.co/image/ab6761610000e5eb4245b1652fcc23f2b76ccd07,False,16
705,Morgan Wallen,Cowgirls (feat. ERNEST),7fveJ3pk1eSfxBdVkzdXZ0,78,2023,country,0.624,0.766,8,-3.805,1,0.0359,0.199,8.62e-06,0.156,0.37,172.08,181621,4,13992482,88,https://i.scdn.co/image/ab6761610000e5eb4245b1652fcc23f2b76ccd07,False,39
706,Morgan Wallen,Dying Man,4kvjThnfQIsPOKjxx0aZDu,78,2023,country,0.415,0.573,1,-6.567,1,0.0286,0.28,0.00449,0.0966,0.322,80.95,183466,4,13992482,88,https://i.scdn.co/image/ab6761610000e5eb4245b1652fcc23f2b76ccd07,False,16
707,Arctic Monkeys,Snap Out Of It,0NdTUS4UiNYCNn5FgVqKQY,78,2013,garage,0.728,0.638,5,-6.455,0,0.0336,0.249,0.0,0.116,0.872,130.014,193030,4,32059138,84,https://i.scdn.co/image/ab6761610000e5eb7da39dea0a72f581535fb11f,False,78
708,TWICE,SET ME FREE,4OtVQ2ZxS7yigIjGz5yKg1,78,2023,k-pop,0.756,0.831,5,-2.536,0,0.141,0.0966,0.0,0.0499,0.703,113.025,181680,4,23326731,83,https://i.scdn.co/image/ab6761610000e5eb3d8820046fd455b38d644864,False,64
709,Sufjan Stevens,Fourth of July,5Qnrgqy1pAm9GyNQOgyVFz,78,2015,pop,0.435,0.104,6,-22.39,0,0.0445,0.973,0.33,0.119,0.162,120.484,279316,4,2360290,70,https://i.scdn.co/image/ab6761610000e5ebd3dfaf556b10df573a5ab1f5,False,78
710,Troye Sivan,Strawberries & Cigarettes,3afkJSKX0EAMsJXTZnDXXJ,78,2018,dance,0.578,0.537,9,-8.676,1,0.0832,0.162,0.0,0.076,0.25,83.909,201539,4,9463490,72,https://i.scdn.co/image/ab6761610000e5eb26e8cb3ff6fc7744b312811b,False,74
711,Taylor Swift,Delicate,6NFyWDv5CjfwuzoCkw47Xf,78,2017,pop,0.75,0.404,9,-10.178,0,0.0682,0.216,0.000357,0.0911,0.0499,95.045,232253,4,145396321,100,https://i.scdn.co/image/ab6761610000e5ebe2e8e7ff002a4afda1c7147e,False,81
712,Ariana Grande,34+35,6Im9k8u9iIzKMrmV7BWtlF,78,2020,dance,0.83,0.585,0,-6.476,1,0.094,0.237,0.0,0.248,0.485,109.978,173711,4,107374593,90,https://i.scdn.co/image/ab6761610000e5eb6725802588d7dc1aba076ca5,True,76
713,Ariana Grande,boyfriend (with Social House),0Ryd8975WihbObpp5cPW1t,78,2019,dance,0.4,0.795,10,-3.731,0,0.461,0.119,0.0,0.159,0.702,190.097,186107,4,107374593,90,https://i.scdn.co/image/ab6761610000e5eb6725802588d7dc1aba076ca5,True,79
714,Julia Michaels,What A Time (feat. Niall Horan),5WtfUKzXircvW8l5aaVZWT,78,2019,dance,0.516,0.467,0,-6.184,1,0.0302,0.662,0.0,0.0853,0.386,132.861,173307,4,5292483,69,https://i.scdn.co/image/ab6761610000e5eb1b098899f1cc5be055471b4d,False,73
715,Camila Cabello,Shameless,2ogKhhoMClkFXek7ZgxAhN,78,2019,dance,0.377,0.651,4,-5.437,0,0.0589,0.0197,5.31e-05,0.174,0.0851,129.607,219742,4,35576126,78,https://i.scdn.co/image/ab6761610000e5eb76470faf6330235edbcb90a9,False,81
716,Taylor Swift,Look What You Made Me Do,1P17dC1amhFzptugyAO7Il,78,2017,pop,0.766,0.709,9,-6.471,0,0.123,0.204,1.41e-05,0.126,0.506,128.07,211853,4,145396321,100,https://i.scdn.co/image/ab6761610000e5ebe2e8e7ff002a4afda1c7147e,False,78
717,Selena Gomez,People You Know,63mdJr3NMY3wReOkNE6c6W,78,2020,dance,0.695,0.62,8,-8.082,0,0.0521,0.0881,5.43e-05,0.111,0.62,150.032,194900,4,53260584,81,https://i.scdn.co/image/ab6761610000e5eb815e520e3ce7fe210046ba66,False,74
718,Kane Brown,Thank God,1brnLTvarI9D1hLP6z2Ar8,78,2022,country,0.738,0.455,3,-8.735,1,0.0352,0.695,0.0,0.107,0.441,99.945,174560,4,5777873,71,https://i.scdn.co/image/ab6761610000e5eb6c17bec75f51429ff10766a9,False,68
719,Nate Smith,Whiskey On You,6Tm4Io4ct4w14nB1EUzsY3,78,2022,country,0.479,0.768,8,-5.204,1,0.0312,7.02e-05,0.00549,0.121,0.576,110.024,183790,4,573159,66,https://i.scdn.co/image/ab6761610000e5eb1d43047a32706c03490957da,False,64
720,Ed Sheeran,Castle on the Hill,6PCUP3dWmTjcTtXY02oFdT,78,2017,pop,0.461,0.834,2,-4.868,1,0.0989,0.0232,1.14e-05,0.14,0.471,135.007,261154,4,122773292,88,https://i.scdn.co/image/ab6761610000e5ebd55c95ad400aed87da52daec,False,78
721,Maroon 5,She Will Be Loved - Radio Mix,4llK75pXNWZz6KAho2Gp16,78,2002,pop,0.651,0.663,0,-5.569,0,0.0281,0.228,0.0,0.0994,0.465,102.0,259453,4,45764832,85,https://i.scdn.co/image/ab6761610000e5ebf8349dfb619a7f842242de77,False,84
722,Ed Sheeran,Galway Girl,0afhq8XCExXpqazXczTSve,78,2017,pop,0.624,0.876,9,-3.374,1,0.1,0.0735,0.0,0.327,0.781,99.943,170827,4,122773292,88,https://i.scdn.co/image/ab6761610000e5ebd55c95ad400aed87da52daec,False,79
723,KALEO,Way down We Go,0y1QJc3SJVPKJ1OvFmFqe6,78,2016,alt-rock,0.489,0.505,10,-8.022,0,0.117,0.579,0.000333,0.104,0.337,163.255,213707,4,2043597,70,https://i.scdn.co/image/ab6761610000e5ebd12dda5c73df781c0bbfe311,False,83
724,Fall Out Boy,Centuries,04aAxqtGp5pv12UXAg4pkq,78,2015,emo,0.393,0.858,4,-2.868,0,0.0729,0.00359,0.0,0.102,0.56,176.042,228360,4,11414215,77,https://i.scdn.co/image/ab6761610000e5eb362011ebe6064c38e97e9aac,False,81
725,Ed Sheeran,Happier,2RttW7RAu5nOAfq6YFvApB,78,2017,pop,0.522,0.385,0,-7.355,1,0.0288,0.536,0.0,0.135,0.236,89.792,207520,4,122773292,88,https://i.scdn.co/image/ab6761610000e5ebd55c95ad400aed87da52daec,False,75
726,Soegi Bornean,Asmalibrasi,3TFdXrYIubXABQh0CxIiSs,78,2019,folk,0.721,0.565,4,-6.208,1,0.0292,0.855,5.48e-06,0.0973,0.794,139.941,254862,4,249235,48,https://i.scdn.co/image/ab6761610000e5eb4a46f51fc2371e5b4ef733a3,False,64
727,Regard,Ride It,2tnVG71enUj33Ic2nFN6kZ,78,2019,dance,0.88,0.751,7,-4.258,0,0.0874,0.177,6.43e-05,0.106,0.884,117.948,157606,4,286602,63,https://i.scdn.co/image/ab6761610000e5eb3a40d117d52a9fe3aacf304f,False,75
728,Bee Gees,Stayin Alive,5ubvP9oKmxLUVq506fgLhk,78,2020,disco,0.702,0.773,10,-9.256,0,0.0343,0.0288,0.00871,0.147,0.953,103.564,285373,4,9341916,76,https://i.scdn.co/image/1d5a05673975ba0c378cd280344e000b0b865620,False,72
729,Taylor Swift,The Man,3RauEVgRgj1IuWdJ9fDs70,78,2019,pop,0.777,0.658,0,-5.191,1,0.054,0.0767,0.0,0.0901,0.633,110.048,190360,4,145396321,100,https://i.scdn.co/image/ab6761610000e5ebe2e8e7ff002a4afda1c7147e,False,76
730,Camila Cabello,Havana (feat. Young Thug),1rfofaqEpACxVEHIZBJe6W,78,2018,dance,0.765,0.523,2,-4.333,1,0.03,0.184,3.56e-05,0.132,0.394,104.988,217307,4,35576126,78,https://i.scdn.co/image/ab6761610000e5eb76470faf6330235edbcb90a9,False,79
731,Billie Eilish,i love you,6CcJMwBtXByIz4zQLzFkKc,78,2019,pop,0.421,0.131,0,-18.435,1,0.0382,0.952,0.00453,0.109,0.12,137.446,291796,4,118692183,90,https://i.scdn.co/image/ab6761610000e5eb4a21b4760d2ecb7b0dcdc8da,False,82
732,Mark Ronson,Nothing Breaks Like a Heart (feat. Miley Cyrus),27rdGxbavYJeBphck5MZAF,78,2018,dance,0.601,0.794,7,-5.844,0,0.0671,0.00987,1.36e-06,0.388,0.244,114.066,217467,4,1294030,74,https://i.scdn.co/image/ab6761610000e5eb105cc9628c315b29d299fbb4,False,70
733,Chris Brown,No Guidance (feat. Drake),6XHVuErjQ4XNm6nDPVCxVX,78,2019,dance,0.696,0.454,1,-6.756,0,0.153,0.123,0.0,0.155,0.136,92.928,260640,4,28305692,87,https://i.scdn.co/image/ab6761610000e5eba48397e590a1c70e2cda7728,True,80
734,Tom Rosenthal,Lights Are On,4IhTXiZLKATmwhMZIb1GQN,78,2018,singer-songwriter,0.44,0.04,3,-16.887,1,0.0322,0.981,0.465,0.111,0.249,135.965,193749,4,623783,62,https://i.scdn.co/image/ab6761610000e5eb18e3b26158842962e9400bcf,False,76
735,Black Eyed Peas,Where Is The Love?,0xmjwnQ3FNE6HuWCt2nHdZ,78,2003,dance,0.834,0.699,5,-3.222,1,0.178,0.111,0.0,0.131,0.809,94.086,272533,4,9553224,81,https://i.scdn.co/image/ab6761610000e5ebb3037310c07b99cbefbd2c6d,False,81
736,Aventura,Volví,2vmfvSoZBFAt9hhRoEByLi,78,2021,hip-hop,0.725,0.86,1,-3.726,1,0.182,0.422,0.000284,0.0674,0.791,175.896,230125,4,10594560,78,https://i.scdn.co/image/ab6761610000e5eb4cd0464ef7d8eb8521f72dd8,True,74
737,MC L da Vinte,Parado no Bailão,3Hb9kUdm4yf839Fle4RIdT,78,2018,funk,0.828,0.599,11,-1.624,1,0.149,0.381,0.0,0.0775,0.478,86.533,171692,5,842456,60,https://i.scdn.co/image/ab6761610000e5ebe9a475cf96adbdd368ee1c68,False,73
738,Natalia Lafourcade,Hasta la Raíz,3lGMtkONrZdJ8kTCg6KIFf,78,2015,alt-rock,0.585,0.643,3,-8.392,1,0.0395,0.201,0.000306,0.144,0.592,152.98,221800,3,5356767,71,https://i.scdn.co/image/ab6761610000e5ebefb8cc9d57eabb9f1e3f8d0b,False,78
739,Kina,Get You The Moon (feat. Snøw),4ZLzoOkj0MPWrTLvooIuaa,78,2018,sad,0.498,0.235,1,-16.541,0,0.188,0.72,0.0,0.144,0.0895,118.917,179080,4,898412,61,https://i.scdn.co/image/ab6761610000e5eb258397c8073298023c532668,False,74
740,Zach Bryan,Heading South,2Dct3GykKZ58hpWRFfe2Qd,78,2019,country,0.68,0.246,4,-14.112,1,0.058,0.783,0.0,0.106,0.388,110.23,171693,4,7320100,84,https://i.scdn.co/image/ab6761610000e5eb4fd54df35bfcfa0fc9fc2da7,True,80
741,Tulus,Hati-Hati di Jalan,2hHeGD57S0BcopfVcmehdl,78,2022,jazz,0.643,0.436,6,-11.322,1,0.0357,0.702,0.0889,0.115,0.755,71.969,242000,4,19118180,73,https://i.scdn.co/image/ab6761610000e5eb53462891ab7799f2934b568e,False,76
742,Adele,Someone Like You,1zwMYTA5nlNjZxYrvBB2pV,78,2011,pop,0.556,0.319,9,-8.251,1,0.0281,0.893,0.0,0.0996,0.294,135.187,285240,4,66705650,83,https://i.scdn.co/image/ab6761610000e5eb68f6e5892075d7f22615bd17,False,78
743,Roar,I Can't Handle Change,0I1eFRytp4XRhLCjT6tZm7,78,2010,indie-pop,0.247,0.438,5,-8.478,1,0.0358,0.0447,0.000867,0.111,0.39,185.711,198213,3,1477311,62,https://i.scdn.co/image/ab6761610000e5ebeb7ac1ee8617118396fa8ec6,False,3
744,Zedd,The Middle,09IStsImFySgyp0pIQdqAc,78,2018,dance,0.753,0.657,7,-3.061,1,0.0449,0.171,0.0,0.112,0.437,107.01,184732,4,6111369,73,https://i.scdn.co/image/ab6761610000e5ebe28762aed82cde1178fb3873,False,77
745,beabadoobee,the perfect pair,41P6Tnd8KIHqON0QIydx6a,78,2022,indie-pop,0.634,0.663,11,-6.818,1,0.0331,0.433,0.124,0.102,0.6,146.053,177533,4,6522709,78,https://i.scdn.co/image/ab6761610000e5ebe7c6cea0c83857388127fced,False,82
746,One Direction,Drag Me Down,2K87XMYnUMqLcX3zvtAF4G,78,2015,pop,0.73,0.703,0,-5.672,0,0.0369,0.109,0.0,0.0657,0.595,138.113,192120,4,40270893,83,https://i.scdn.co/image/5bb443424a1ad71603c43d67f5af1a04da6bb3c8,False,78
747,Suki Waterhouse,Good Looking,0j3mqDTK4Z6lvrLzFCUUz6,78,2022,indie-pop,0.364,0.554,4,-9.076,1,0.0301,0.077,0.000297,0.125,0.257,150.079,214800,3,1391888,68,https://i.scdn.co/image/ab6761610000e5ebc2bb10016e2e142f397f780c,False,73
748,Luis Fonsi,Despacito,6habFhsOp2NvshLv26DqMb,78,2019,pop,0.655,0.797,2,-4.787,1,0.153,0.198,0.0,0.067,0.839,177.928,229360,4,10981084,73,https://i.scdn.co/image/ab6761610000e5eb3981f9c0501750fffdb65001,False,80
749,Bizarrap,"Eladio Carrion: Bzrp Music Sessions, Vol. 40",1VauUM5CBX7nkLcgafQL2B,77,2021,hip-hop,0.783,0.524,5,-6.455,0,0.0554,0.241,0.0,0.271,0.839,117.496,164896,4,18188680,76,https://i.scdn.co/image/ab6761610000e5eb14add0d3419426b84158b913,True,68
750,Rauw Alejandro,Cúrame,1FlL8ycld6uVDDyhV7P5FA,77,2021,pop,0.765,0.625,9,-3.599,0,0.0548,0.584,0.00111,0.112,0.262,102.101,164706,4,31082805,88,https://i.scdn.co/image/ab6761610000e5eb43ea45ccf08451d2511d33fa,True,76
751,American Authors,Best Day Of My Life,5Hroj5K7vLpIG4FNCRIjbP,77,2014,indie-pop,0.673,0.902,2,-2.392,1,0.0346,0.0591,0.000262,0.0558,0.538,100.012,194240,4,1646684,62,https://i.scdn.co/image/ab6761610000e5eb76fa6126d926bd6302239aba,False,78
752,Drake,Nonstop,0TlLq3lA83rQOYtrqBqSct,77,2018,hip-hop,0.912,0.412,7,-8.074,1,0.123,0.0165,0.0126,0.104,0.423,154.983,238614,4,103039388,95,https://i.scdn.co/image/ab6761610000e5eb4293385d324db8558179afd9,True,76
753,Taylor Swift,Afterglow,1SymEzIT3H8UZfibCs3TYi,77,2019,pop,0.756,0.449,9,-8.746,1,0.0344,0.13,0.0,0.114,0.399,111.011,223293,4,145396321,100,https://i.scdn.co/image/ab6761610000e5ebe2e8e7ff002a4afda1c7147e,False,73
754,Zach Bryan,Sun to Me,1SjsVdSXpwm1kTdYEHoPIT,77,2022,country,0.505,0.27,9,-9.165,0,0.0333,0.593,0.0,0.133,0.557,98.721,163032,4,7320100,84,https://i.scdn.co/image/ab6761610000e5eb4fd54df35bfcfa0fc9fc2da7,False,75
755,Luke Combs,"Going, Going, Gone",67AdiJcurlf6gocGobfaXs,77,2022,country,0.565,0.56,6,-6.034,1,0.0275,0.538,0.0,0.0961,0.325,159.931,177267,4,13397845,83,https://i.scdn.co/image/ab6761610000e5eb584e28452f46640852c2aed4,False,72
756,Dermot Kennedy,Kiss Me,7j1ZJAbcm4AMBf82jIrAH3,77,2022,folk,0.64,0.845,0,-3.214,0,0.0356,0.00108,0.0,0.0686,0.478,120.052,229436,4,1668880,69,https://i.scdn.co/image/ab6761610000e5eb18b9e835717c1e54668d0d03,False,1
757,Zola,AMBER,5UPpgOKi0UQMMMSzWWgJJe,77,2022,french,0.707,0.778,6,-8.915,1,0.221,0.0853,0.00365,0.177,0.668,140.988,182068,4,2544682,61,https://i.scdn.co/image/ab6761610000e5ebbceb0b4fabbf8639d20ffc42,True,58
758,Beach Bunny,Prom Queen,6MpCaSIOfqBqbMED4kXgNY,77,2018,indie-pop,0.528,0.797,4,-7.487,1,0.0485,0.000391,0.011,0.14,0.751,143.785,136562,4,1855959,65,https://i.scdn.co/image/ab6761610000e5ebc76f04ab8987c4fb298abb3c,False,3
759,Vansire,From the Subway Train,0qOCy2LqvdkMora7eZsJhQ,77,2018,indie-pop,0.392,0.429,5,-10.279,0,0.0462,0.527,0.015,0.217,0.105,72.104,57370,4,472439,59,https://i.scdn.co/image/ab6761610000e5ebf44b9228f7c27e00783d1c8d,False,65
760,Justin Bieber,What Do You Mean?,4B0JvthVoAAuygILe3n4Bs,77,2015,pop,0.845,0.567,5,-8.118,0,0.0956,0.59,0.00142,0.0811,0.793,125.02,205680,4,85008100,91,https://i.scdn.co/image/ab6761610000e5ebaf20f7db5288bce9beede034,False,82
761,Childish Gambino,3005,5cc9Zbfp9u10sfJeKZ3h16,77,2013,hip-hop,0.664,0.447,6,-7.272,0,0.289,0.112,0.0,0.091,0.659,83.138,234215,4,14557537,78,https://i.scdn.co/image/ab6761610000e5ebc3dc5429b676b16d451e5f77,True,4
762,Billie Eilish,watch,7eB1V5LvAdxCc7brfGhRRo,77,2017,electro,0.441,0.599,0,-8.985,1,0.225,0.333,0.00198,0.103,0.35,165.212,177523,4,118692183,90,https://i.scdn.co/image/ab6761610000e5eb4a21b4760d2ecb7b0dcdc8da,False,79
763,Bruno Mars,24K Magic,6b8Be6ljOzmkOmFslEb23P,77,2016,dance,0.818,0.803,1,-4.282,1,0.0797,0.034,0.0,0.153,0.632,106.97,225983,4,75455093,89,https://i.scdn.co/image/ab6761610000e5ebc36dd9eb55fb0db4911f25dd,False,82
764,Travis Scott,BUTTERFLY EFFECT,2cYqizR4lgvp4Qu6IQ3qGN,77,2018,house,0.763,0.628,11,-5.85,1,0.05,0.0531,0.0,0.114,0.193,140.958,190557,4,41107596,89,https://i.scdn.co/image/ab6761610000e5eb19c2790744c792d05570bb71,False,81
765,TINI,Miénteme,0cOa970mzTWAxKtltpkpLc,77,2021,pop,0.85,0.541,2,-4.522,1,0.0674,0.161,5.01e-06,0.286,0.916,92.003,165275,4,9214236,76,https://i.scdn.co/image/ab6761610000e5eb43f8f52ac55da2d54fc8fdca,False,68
766,The Neighbourhood,Reflections,2xql0pid3EUwW38AsywxhV,77,2018,alt-rock,0.648,0.594,11,-7.027,0,0.0293,0.114,0.0462,0.116,0.544,113.983,244013,4,21591569,83,https://i.scdn.co/image/ab6761610000e5ebdf0b5ac84376a0a4b2166816,False,83
767,Neon Trees,Everybody Talks,2iUmqdfGZcHIhS3b9E9EWq,77,2012,alt-rock,0.471,0.924,8,-3.906,1,0.0586,0.00301,0.0,0.313,0.725,154.961,177280,4,1284296,64,https://i.scdn.co/image/ab6761610000e5eb2781a8f12aac83aaff949017,True,78
768,Axwell /\ Ingrosso,More Than You Know,6h5PAsRni4IRlxWr6uDPTP,77,2017,dance,0.646,0.741,5,-4.973,0,0.034,0.0275,0.0,0.312,0.571,123.077,203000,4,2534631,63,https://i.scdn.co/image/ab6761610000e5eb9f6e5d736809c4cb40d59a7e,False,78
769,Dua Lipa,IDGAF,76cy1WJvNGJTj78UqeA5zr,77,2017,dance,0.836,0.544,7,-5.975,1,0.0943,0.0403,0.0,0.0824,0.51,97.028,217947,4,46886554,85,https://i.scdn.co/image/ab6761610000e5eb0c68f6c95232e716f0abee8d,True,78
770,ZAYN,I Don’t Wanna Live Forever (Fifty Shades Darker),55n9yjI6qqXh5F2mYvUc2y,77,2017,dance,0.731,0.445,0,-8.418,1,0.0533,0.0586,1.96e-05,0.14,0.106,117.97,247160,4,24105967,77,https://i.scdn.co/image/ab6761610000e5eb7a1fba1bb3618ef71355f82a,False,81
771,NIKI,lowkey,5TTXEcfsYLh6fTarLaevTi,77,2019,pop,0.752,0.494,0,-8.18,1,0.0559,0.432,0.0,0.0869,0.227,117.901,171356,4,8621019,76,https://i.scdn.co/image/ab6761610000e5eb0654e511623cba4e0e9e2f0c,True,2
772,Grupo Los de la O,Fuga Pa Cali 2,5IdyvWCaUa7AgTxMsFj0wB,77,2021,sad,0.743,0.89,7,-5.451,0,0.0837,0.366,0.0,0.0966,0.809,107.635,196864,4,1734282,61,https://i.scdn.co/image/ab6761610000e5ebaf711802ee1dc99a6726bbd1,True,70
773,Rihanna,FourFiveSeconds,78TTtXnFQPzwqlbtbwqN0y,77,2015,pop,0.582,0.272,2,-5.662,1,0.0501,0.875,0.0,0.13,0.354,205.846,188238,4,68997177,90,https://i.scdn.co/image/ab6761610000e5ebcb565a8e684e3be458d329ac,False,76
774,One Direction,Perfect,3NLnwwAQbbFKcEcV8hDItk,77,2015,pop,0.647,0.823,2,-5.231,1,0.0762,0.0598,0.0,0.119,0.396,99.933,230333,4,40270893,83,https://i.scdn.co/image/5bb443424a1ad71603c43d67f5af1a04da6bb3c8,False,81
775,Meghan Trainor,Like I'm Gonna Lose You (feat. John Legend),2YlZnw2ikdb837oKMKjBkW,77,2015,pop,0.63,0.53,0,-7.259,1,0.0434,0.4,0.0,0.177,0.417,108.038,225053,3,15744271,73,https://i.scdn.co/image/ab6761610000e5eb365984489dac7a79eac204e3,False,72
776,Duncan Laurence,Arcade,1Xi84slp6FryDSCbzq4UCD,77,2019,pop,0.45,0.329,9,-12.603,0,0.0441,0.818,0.00109,0.135,0.266,71.884,183624,3,727635,63,https://i.scdn.co/image/ab6761610000e5eb7a3fa5fef04357ffa40d4d5c,False,75
777,Beyoncé,Crazy In Love (feat. Jay-Z),5IVuqXILoxVWvWEPm82Jxr,77,2003,dance,0.646,0.77,2,-6.596,0,0.226,0.00249,0.0,0.0715,0.681,99.165,236133,4,41172203,84,https://i.scdn.co/image/ab6761610000e5eb7eaa373538359164b843f7c0,False,78
778,Eyedress,Romantic Lover,7s5VQqrjBtrBgZL4pEa46S,77,2020,pop,0.658,0.447,9,-9.299,0,0.0869,0.701,0.924,0.198,0.538,184.316,86739,4,2739431,69,https://i.scdn.co/image/ab6761610000e5ebb1693f731eacb1e3f294a120,False,72
779,Conan Gray,Maniac,6KfoDhO4XUWSbnyKjNp9c4,77,2020,pop,0.628,0.639,8,-5.46,1,0.0435,0.00162,0.0,0.354,0.493,108.045,185773,4,12425448,79,https://i.scdn.co/image/ab6761610000e5eb4c2b62d4748524454a6f99b0,False,75
780,Demi Lovato,Cool for the Summer,3uwnnTQcHM1rDqSfA4gQNz,77,2015,pop,0.583,0.61,5,-5.639,0,0.0382,0.00425,0.000105,0.14,0.336,114.06,214740,4,27288825,77,https://i.scdn.co/image/ab6761610000e5eb42d7061876b87861d7c8f3fb,True,77
781,Lady Gaga,Applause,5ka2ajep9OAvU5Sgduhiex,77,2013,dance,0.669,0.78,7,-4.287,0,0.053,0.0265,1.63e-06,0.143,0.738,139.945,212333,4,42237551,88,https://i.scdn.co/image/ab6761610000e5ebaadc18cac8d48124357c38e6,False,78
782,Dua Lipa,Don't Start Now,6WrI0LAC5M1Rw2MnX2ZvEg,77,2019,dance,0.794,0.793,11,-4.521,0,0.0842,0.0125,0.0,0.0952,0.677,123.941,183290,4,46886554,85,https://i.scdn.co/image/ab6761610000e5eb0c68f6c95232e716f0abee8d,False,72
783,Katy Perry,Roar,27tNWlhdAryQY04Gb2ZhUI,77,2013,dance,0.671,0.771,7,-4.821,0,0.0316,0.00492,7.28e-06,0.354,0.436,90.003,223546,4,38385499,83,https://i.scdn.co/image/ab6761610000e5eb0988562f78810e47a6e3325f,False,78
784,Avicii,Hey Brother,4lhqb6JvbHId48OUJGwymk,77,2013,dance,0.545,0.78,7,-4.867,0,0.0436,0.0309,4.64e-05,0.0828,0.458,125.014,255093,4,23434221,79,https://i.scdn.co/image/ab6761610000e5ebae07171f989fb39736674113,False,78
785,Playboi Carti,Shoota (feat. Lil Uzi Vert),2BJSMvOGABRxokHKB0OI8i,77,2018,hip-hop,0.673,0.649,1,-8.433,0,0.196,0.188,0.0,0.122,0.47,153.075,153800,4,15021860,86,https://i.scdn.co/image/ab6761610000e5ebba50ca67ffc3097f6ea1710a,True,76
786,Meek Mill,Going Bad (feat. Drake),2IRZnDFmlqMuOrYOLnZZyc,77,2018,hip-hop,0.889,0.496,4,-6.365,0,0.0905,0.259,0.0,0.252,0.544,86.003,180522,4,8277770,72,https://i.scdn.co/image/ab6761610000e5ebc14756c27212bdea80f6cfac,True,73
787,GROUPLOVE,Tongue Tied,0GO8y8jQk1PkHzS31d699N,77,2011,alt-rock,0.56,0.936,3,-5.835,1,0.0439,0.00847,0.0,0.161,0.371,112.96,218013,4,1254947,60,https://i.scdn.co/image/ab6761610000e5eb212e97916d72380d77a9db17,False,77
788,Mac Miller,Self Care,5bJ1DrEM4hNCafcDd1oxHx,77,2018,hip-hop,0.52,0.538,1,-8.109,1,0.206,0.367,0.00187,0.119,0.177,141.894,345133,4,12173714,81,https://i.scdn.co/image/ab6761610000e5ebed3b89aa602145fde71a163a,True,74
789,Paramore,Still into You,1yjY7rpaAQvKwpdUliHx0d,77,2013,emo,0.602,0.923,5,-3.763,1,0.044,0.0098,0.0,0.0561,0.765,136.01,216013,4,9792848,79,https://i.scdn.co/image/ab6761610000e5ebb10c34546a4ca2d7faeb8865,False,82
790,Avicii,Without You (feat. Sandro Cavazza),6Pgkp4qUoTmJIPn7ReaGxL,77,2017,dance,0.662,0.858,2,-4.844,1,0.0428,0.00163,0.0,0.0456,0.295,133.993,181673,4,23434221,79,https://i.scdn.co/image/ab6761610000e5ebae07171f989fb39736674113,True,71
791,salvia palth,i was all over her,7svpAkwc6xaSxlbZ7V7JiS,77,2013,emo,0.529,0.353,7,-12.835,1,0.0292,0.788,0.853,0.116,0.0601,104.557,161463,4,1363006,65,https://i.scdn.co/image/ab6761610000e5eb6a01d62c22e19a0fafbf5b10,False,3
792,Katy Perry,Unconditionally,009ImBOrIUlWgla8U05RAC,77,2013,dance,0.432,0.725,7,-4.862,1,0.0431,0.00273,0.0,0.208,0.353,128.902,228879,4,38385499,83,https://i.scdn.co/image/ab6761610000e5eb0988562f78810e47a6e3325f,False,77
793,Brent Faiyaz,Trust,0oufSLnKQDoBFX5mgkDCgR,77,2018,hip-hop,0.764,0.394,8,-8.559,1,0.152,0.231,9.37e-05,0.117,0.465,92.009,158421,4,7897022,80,https://i.scdn.co/image/ab6761610000e5eb2af1d912483f27af21eba49f,True,74
794,Mac Miller,Small Worlds,4gT3mNJA8lnlkYFqGZ8IA2,77,2018,hip-hop,0.516,0.546,5,-9.105,1,0.249,0.814,4.5e-06,0.0995,0.515,78.267,271733,4,12173714,81,https://i.scdn.co/image/ab6761610000e5ebed3b89aa602145fde71a163a,True,74
795,Lewis Capaldi,Hold Me While You Wait,60iSKGrGazRzICtMjADNSM,77,2019,pop,0.688,0.53,11,-5.507,1,0.0333,0.443,0.0,0.0995,0.162,106.958,205687,4,14039018,79,https://i.scdn.co/image/ab6761610000e5ebdc9e707b0d0e591e08d3f549,False,76
796,Marc Seguí,Tiroteo - Remix,4OwhwvKESFtuu06dTgct7i,77,2021,pop,0.75,0.522,9,-7.018,1,0.0293,0.282,0.0,0.0743,0.601,110.427,321556,4,230816,67,https://i.scdn.co/image/ab6761610000e5ebbfb3dbb2565190b37b5962b3,False,83
797,Linkin Park,Faint,4Yf5bqU3NK4kNOypcrLYwU,77,2003,metal,0.554,0.978,4,-3.554,1,0.131,0.111,0.0,0.0731,0.594,135.095,162600,4,31785695,88,https://i.scdn.co/image/ab6761610000e5eb527d95dabbe8b8b527e8136f,False,82
798,Doja Cat,Wine Pon You (feat. Konshens),2s4AcE9n80mSHl87lp4gIm,77,2018,dance,0.797,0.444,9,-7.738,0,0.0411,0.304,0.00126,0.107,0.138,95.035,219000,4,34735147,86,https://i.scdn.co/image/ab6761610000e5eb8a0644455ebfa7d3976f5101,True,77
799,Kali Uchis,I Wish you Roses,6BQrmjAgPfPTwILoFEK3Hd,77,2023,pop,0.467,0.624,10,-8.511,0,0.0508,0.143,0.000899,0.145,0.31,141.889,225947,4,9469943,83,https://i.scdn.co/image/ab6761610000e5eb6a5bff9f9278d4eea13bb67e,False,54
800,Shakira,She Wolf,4cS2HQ6jK80vqdY9ofpztx,77,2009,dance,0.865,0.69,7,-7.448,1,0.0443,0.285,0.0162,0.225,0.867,121.983,188867,4,39777995,85,https://i.scdn.co/image/ab6761610000e5eb44b07362e94585ebd7c564c9,False,5
801,benny blanco,Eastside (with Halsey & Khalid),7FGq80cy8juXBCD2nrqdWU,77,2018,dance,0.632,0.686,6,-7.665,0,0.243,0.549,0.0,0.2,0.329,89.949,170770,4,1626627,72,https://i.scdn.co/image/ab6761610000e5eb9e339e423b680759b0006a63,False,76
802,Mau y Ricky,Llorar y Llorar - con Carin Leon,4YF13O2n16dcTyGgVmiGvN,77,2022,pop,0.62,0.436,10,-8.108,1,0.213,0.554,0.0,0.0891,0.368,172.854,169705,3,6830676,66,https://i.scdn.co/image/ab6761610000e5eb06c37a35c6e824d3bdad85a7,False,66
803,Cardi B,I Like It,58q2HKrzhC3ozto2nDdN4z,77,2018,dance,0.816,0.726,5,-3.998,0,0.129,0.099,0.0,0.372,0.65,136.048,253390,4,25953771,81,https://i.scdn.co/image/ab6761610000e5eba23286f24edd4a7dbdc6311d,True,79
804,Lauren Spencer Smith,Fingers Crossed,3yMC1KsTwh0ceXdIe4QQAQ,77,2022,pop,0.56,0.473,5,-7.23,1,0.0533,0.618,0.0,0.31,0.441,109.414,175345,4,1764567,68,https://i.scdn.co/image/ab6761610000e5ebb136ed6155ddbc1a73493f14,False,59
805,Alejandro Fernández,Me Dediqué a Perderte,4NUt1fcnO9aQAELBgXq3Kr,77,2004,pop,0.642,0.442,8,-9.115,1,0.074,0.491,1.58e-06,0.102,0.465,148.01,231773,4,8670893,76,https://i.scdn.co/image/ab6761610000e5eb452691cfa37fdd5b3417ed0d,False,79
806,Joji,YEAH RIGHT,1VGzxJnVQND7Cg5H5wGj14,77,2018,pop,0.672,0.588,1,-9.573,1,0.133,0.619,0.241,0.0992,0.204,169.033,174358,4,10638942,80,https://i.scdn.co/image/ab6761610000e5eb3edc15142a264f1c61c3bc3c,True,2
807,Wallows,Are You Bored Yet? (feat. Clairo),57RA3JGafJm5zRtKJiKPIm,77,2019,indie-pop,0.682,0.683,8,-6.444,0,0.0287,0.156,2.32e-05,0.273,0.64,120.023,178000,4,3002326,67,https://i.scdn.co/image/ab6761610000e5ebfde4e7d59f6d8868e2ffdaf5,False,76
808,Bizarrap,"Duki: Bzrp Music Sessions, Vol. 50",7MkylDYvKTSuWgrsBhHlsG,77,2022,hip-hop,0.535,0.874,9,-2.248,0,0.137,0.371,0.0,0.192,0.323,140.006,227562,4,18188680,76,https://i.scdn.co/image/ab6761610000e5eb14add0d3419426b84158b913,False,65
809,Shaggy,It Wasn't Me,3WkibOpDF7cQ5xntM1epyf,77,2000,dance,0.853,0.606,0,-4.596,1,0.0713,0.0561,0.0,0.313,0.654,94.759,227600,4,2484318,72,https://i.scdn.co/image/ab6761610000e5eb356dc7e9ba8792cb86a0c50c,False,80
810,Britney Spears,Oops!...I Did It Again,6naxalmIoLFWR0siv8dnQQ,77,2000,dance,0.751,0.834,1,-5.444,0,0.0437,0.3,1.77e-05,0.355,0.894,95.053,211160,4,17755451,80,https://i.scdn.co/image/ab6761610000e5eb26e59b825251b7df20a7b65e,False,81
811,(G)I-DLE,TOMBOY,0IGUXY4JbK18bu9oD4mPIm,77,2022,k-pop,0.755,0.87,1,-2.414,0,0.0936,0.00988,0.0,0.0917,0.645,124.032,174387,4,,,,False,6
812,Joy Again,Looking Out for You,3jfZ9M23l0L7RxzYMTgBTv,77,2016,garage,0.682,0.9,9,-5.028,1,0.0874,0.0884,0.063,0.0685,0.937,100.721,179499,4,472165,58,https://i.scdn.co/image/ab6761610000e5eb9cdd5ac9bd79811a7abd8f9a,False,76
813,Jung Kook,Stay Alive (Prod. SUGA of BTS),7CAdT0HdiQNlt1C7xk2hep,77,2022,k-pop,0.512,0.76,2,-5.889,0,0.0682,0.299,0.0,0.103,0.495,130.096,210928,4,18615260,79,https://i.scdn.co/image/ab6761610000e5eb40a7268dd742e5f63759b960,False,69
814,DaBaby,ROCKSTAR (feat. Roddy Ricch),7ytR5pFWmSjzHJIeQkgog4,77,2020,hip-hop,0.746,0.69,11,-7.956,1,0.164,0.247,0.0,0.101,0.497,89.977,181733,4,12952564,76,https://i.scdn.co/image/ab6761610000e5ebbd6918901c1714560669f570,True,73
815,Tokischa,Delincuente,2ROQe6QkIXODJRx0y8UjzV,77,2022,pop,0.798,0.71,2,-3.39,1,0.0973,0.0576,0.025,0.4,0.662,97.875,226491,4,1630674,69,https://i.scdn.co/image/ab6761610000e5ebef5f39dfc3f133ab974dbf3b,True,70
816,Ovy On The Drums,CHAO BEBE,2caVKAWz7oM5Hw3LDWWVnQ,77,2022,pop,0.869,0.74,5,-4.699,0,0.108,0.649,7.95e-06,0.135,0.598,117.949,206499,4,1456703,82,https://i.scdn.co/image/ab6761610000e5eb598ae29b6fe6c2547f40bce5,True,48
817,BTS,FAKE LOVE,6m1TWFMeon7ai9XLOzdbiR,77,2018,k-pop,0.557,0.719,2,-4.515,0,0.0371,0.00267,0.0,0.306,0.345,77.502,242334,4,81181104,85,https://i.scdn.co/image/ab6761610000e5ebd642648235ebf3460d2d1f6a,False,76
818,BSS,Fighting (Feat. Lee Young Ji),7eBpUuPnDTfbeP1P4P93CS,77,2023,k-pop,0.707,0.86,11,-2.935,0,0.191,0.103,0.0,0.0989,0.922,152.026,204467,4,1203841,56,https://i.scdn.co/image/ab6761610000e5ebf5334be5f6137b8c9387972b,False,65
819,Chase Atlantic,Into It,4HwDCXsMBC7SUdp2WT4MZP,77,2017,pop,0.518,0.572,10,-6.706,0,0.0416,0.0503,2.41e-05,0.129,0.291,130.053,196767,4,10462018,79,https://i.scdn.co/image/ab6761610000e5eba4e2d7045cbcca592ba6c7dd,True,80
820,Chase Atlantic,Consume (feat. Goon Des Garcons),0X2bh8NVQ8svDQIn2AdCbW,77,2017,pop,0.556,0.714,9,-5.322,0,0.158,0.07,0.0,0.261,0.434,146.113,267920,4,10462018,79,https://i.scdn.co/image/ab6761610000e5eba4e2d7045cbcca592ba6c7dd,False,77
821,Taylor Swift,Gorgeous,1ZY1PqizIl78geGM4xWlEA,77,2017,pop,0.8,0.535,7,-6.684,1,0.135,0.0713,9.48e-06,0.213,0.451,92.027,209680,4,145396321,100,https://i.scdn.co/image/ab6761610000e5ebe2e8e7ff002a4afda1c7147e,False,74
822,Playboi Carti,Magnolia,1e1JKLEDKP7hEQzJfNAgPl,77,2017,hip-hop,0.791,0.582,11,-7.323,0,0.286,0.0114,0.0,0.35,0.443,162.991,181812,4,15021860,86,https://i.scdn.co/image/ab6761610000e5ebba50ca67ffc3097f6ea1710a,True,77
823,Jennifer Lopez,On The Floor,3C0nOe05EIt1390bVABLyN,77,2011,dance,0.73,0.777,3,-5.194,0,0.0496,0.105,0.000478,0.0691,0.575,130.0,284867,4,13708054,74,https://i.scdn.co/image/ab6761610000e5eb48e24f77a03f78a00cfda0bb,False,81
824,Drake,Laugh Now Cry Later (feat. Lil Durk),2SAqBLGA283SUiwJ3xOUVI,77,2020,hip-hop,0.761,0.518,0,-8.871,1,0.134,0.244,3.47e-05,0.107,0.522,133.976,261493,4,103039388,95,https://i.scdn.co/image/ab6761610000e5eb4293385d324db8558179afd9,True,75
825,Playboi Carti,Vamp Anthem,4CzhtKifG867Lu5DNQVBSA,77,2020,hip-hop,0.642,0.69,11,-5.101,1,0.261,0.00599,1.3e-06,0.322,0.641,164.075,124094,4,15021860,86,https://i.scdn.co/image/ab6761610000e5ebba50ca67ffc3097f6ea1710a,True,69
826,Plain White T's,Hey There Delilah,4RCWB3V8V0dignt99LZ8vH,77,2005,pop,0.656,0.291,2,-10.572,1,0.0293,0.872,0.0,0.114,0.298,103.971,232533,4,1345122,62,https://i.scdn.co/image/ab6761610000e5ebe7307e9f17a33d20de1688ae,False,79
827,21 Savage,Rich Nigga Shit (feat. Young Thug),3ruoIF2UnoXdzK8mR61ebq,77,2020,hip-hop,0.825,0.733,1,-5.625,0,0.0969,0.349,0.0,0.112,0.62,97.974,190331,4,23799771,84,https://i.scdn.co/image/ab6761610000e5eb4f8f76117470957c0e81e5b2,True,74
828,The Oh Hellos,"Soldier, Poet, King",3xtiXNDbSKxy20I7D6vFUg,77,2015,folk,0.347,0.758,8,-7.753,1,0.0706,0.031,0.000659,0.109,0.484,117.959,165674,4,596039,60,https://i.scdn.co/image/ab6761610000e5ebf95c1ca17763a05799b0f9dd,False,73
829,Bryson Tiller,Exchange,43PuMrRfbyyuz4QpZ3oAwN,77,2015,hip-hop,0.525,0.433,6,-10.598,1,0.185,0.107,0.0,0.135,0.276,160.108,194613,4,10564033,80,https://i.scdn.co/image/ab6761610000e5ebb0ff28b9d4bed74c66901b2b,True,78
830,Shawn Mendes,When You're Gone,0U1W2LZVUX7qTm7dDpqxh6,77,2022,dance,0.603,0.691,5,-5.805,1,0.0372,0.0248,0.0,0.583,0.577,147.148,172267,4,45700057,81,https://i.scdn.co/image/ab6761610000e5eb58b4b9419486550f6fda0535,False,67
831,Ariana Grande,God is a woman,5OCJzvD7sykQEKHH7qAC3C,77,2018,dance,0.602,0.658,1,-5.934,1,0.0558,0.0233,6e-05,0.237,0.268,145.031,197547,4,107374593,90,https://i.scdn.co/image/ab6761610000e5eb6725802588d7dc1aba076ca5,True,77
832,Tiësto,Hot In It,3Z7CaxQkqbIs1rewKi6v4W,77,2022,dance,0.748,0.841,7,-5.08,1,0.177,0.00445,1.33e-06,0.0413,0.717,123.045,129817,4,7978695,80,https://i.scdn.co/image/ab6761610000e5ebe84e08fb1dfa2bf9b5a61563,False,5
833,Jessie J,Bang Bang,0puf9yIluy9W0vpMEUoAnN,77,2014,dance,0.706,0.786,0,-3.417,0,0.091,0.26,0.0,0.38,0.751,150.028,199387,4,12190846,71,https://i.scdn.co/image/ab6761610000e5eb92b8a2548ec8c91bb5ef418e,False,81
834,Lil Peep,white tee,4TVsTKQVeC99tCjfRKLeob,77,2016,emo,0.8,0.526,11,-8.909,1,0.0416,0.285,0.0,0.0717,0.729,149.991,132227,4,15684530,82,https://i.scdn.co/image/ab6761610000e5eb3d9d59e200e82fa53d8781a1,True,1
835,Sebastian Yatra,Una Noche Sin Pensar,2oW52tBeJNSv93Ct5AJb8q,77,2023,pop,0.676,0.858,0,-2.636,1,0.0467,0.0354,0.0,0.211,0.67,139.998,161173,4,24339942,77,https://i.scdn.co/image/ab6761610000e5ebac1d47a290d9c451e4ba3b06,False,56
836,Stromae,Alors on danse - Radio Edit,2GYHyAoLWpkxLVa4oYTVko,77,2010,house,0.791,0.59,1,-9.206,0,0.0793,0.0994,0.00203,0.065,0.714,119.951,206067,4,3859192,73,https://i.scdn.co/image/ab6761610000e5ebcc129f1c9b5047760d66aae2,False,78
837,Miley Cyrus,Muddy Feet (feat. Sia),1S1WWTuydW6zljNeHOpZXe,77,2023,pop,0.548,0.779,7,-4.737,1,0.109,0.076,0.000494,0.19,0.524,172.083,136947,4,26558356,81,https://i.scdn.co/image/ab6761610000e5ebf4cccd14ec026038d713e353,True,0
838,Foo Fighters,The Pretender,7x8dCjCr0x6x2lXKujYD34,77,2007,alt-rock,0.433,0.959,9,-4.04,1,0.0431,0.000917,0.0,0.028,0.365,172.984,269373,4,12953020,75,https://i.scdn.co/image/ab6761610000e5eb2c7bb73afef60ef97ad6dcb2,False,78
839,Miley Cyrus,Violet Chemistry,00Ga884hbpVvCNyeQdle1U,77,2023,pop,0.642,0.715,8,-5.711,1,0.0385,0.00265,0.0,0.094,0.588,119.938,246307,4,26558356,81,https://i.scdn.co/image/ab6761610000e5ebf4cccd14ec026038d713e353,False,0
840,Morgan Wallen,Neon Star (Country Boy Lullaby),1GiwvmI57OTGcKGNigZFJb,77,2023,country,0.704,0.677,5,-6.135,1,0.0288,0.426,3.29e-06,0.118,0.715,92.021,171495,4,13992482,88,https://i.scdn.co/image/ab6761610000e5eb4245b1652fcc23f2b76ccd07,False,18
841,The Kid LAROI,WITHOUT YOU,1KMkcUvF7m3SDChDOa7i5L,77,2021,hip-hop,0.662,0.413,0,-7.357,1,0.0299,0.213,0.0,0.134,0.467,93.005,161385,4,6593079,79,https://i.scdn.co/image/ab6761610000e5ebb4b6c636210168996ad7d1fc,True,72
842,Miley Cyrus,You,6FAsJDkg4y5JSWP9ZMKlDj,77,2023,pop,0.625,0.568,11,-5.663,1,0.0324,0.288,0.0,0.674,0.348,85.545,179427,3,26558356,81,https://i.scdn.co/image/ab6761610000e5ebf4cccd14ec026038d713e353,False,0
843,$uicideboy$,Antarctica,5UGAXwbA17bUC0K9uquGY2,77,2016,hip-hop,0.715,0.633,2,-6.869,1,0.0804,0.553,4.45e-06,0.0905,0.319,105.945,126850,5,8957416,83,https://i.scdn.co/image/ab6761610000e5ebc4817922f21a5f2a36e12bf2,True,77
844,Morgan Wallen,Hope That’s True,2Ej3iV0nulryy9S3UQvjSx,77,2023,country,0.586,0.838,5,-4.892,1,0.0367,0.163,0.00016,0.0858,0.776,150.114,186465,4,13992482,88,https://i.scdn.co/image/ab6761610000e5eb4245b1652fcc23f2b76ccd07,True,16
845,Cigarettes After Sex,Sunsetz,69UqtTHfUKAJweQwEStRzC,77,2017,ambient,0.412,0.477,9,-9.381,0,0.029,0.0542,0.798,0.0975,0.141,75.302,214680,4,17365648,83,https://i.scdn.co/image/ab6761610000e5eb1c312be98c615df97ea79a30,False,1
846,Morgan Wallen,Tennessee Numbers,5NzfnUyVaNrxa2VtoyBWlR,77,2023,country,0.425,0.738,6,-5.368,1,0.0342,0.0487,0.00173,0.107,0.267,156.288,225128,4,13992482,88,https://i.scdn.co/image/ab6761610000e5eb4245b1652fcc23f2b76ccd07,False,17
847,Gera MX,Botella Tras Botella,2MnLkFqY9Rpg9s3Zv6ZJdK,77,2021,hip-hop,0.727,0.546,0,-4.572,1,0.0437,0.656,0.0,0.122,0.69,106.891,197333,4,6067957,74,https://i.scdn.co/image/ab6761610000e5ebe23033f623a49ece86d3eb3d,False,74
848,The Weeknd,Less Than Zero,2D4dV2KXDTszzJ3p3cFqhA,77,2022,pop,0.535,0.791,0,-5.55,1,0.0327,0.00096,0.000155,0.0788,0.5,142.981,211814,4,112918137,93,https://i.scdn.co/image/ab6761610000e5eb9e528993a2820267b97f6aae,False,72
849,Stray Kids,CASE 143,3O8G8eVrhfXTGttyQ1xVuq,77,2022,k-pop,0.812,0.89,6,-2.661,0,0.209,0.0961,0.0,0.0222,0.69,100.006,191965,4,21013206,84,https://i.scdn.co/image/ab6761610000e5ebf9887d2c9288f0e50a3fd69f,False,71
850,blackbear,hot girl bummer,6jRq8gaZhMUyy5RclRPcAf,77,2020,electro,0.782,0.559,6,-7.106,0,0.0767,0.125,0.0,0.385,0.685,129.992,188344,1,5067710,71,https://i.scdn.co/image/ab6761610000e5eb38c694d4c5b98d01bca1e46d,True,73
851,Dynoro,In My Mind,0E9ZjEAyAwOXZ7wJC0PD33,77,2018,dance,0.694,0.77,6,-5.335,1,0.149,0.176,1.1e-05,0.118,0.163,125.905,184560,4,315405,62,https://i.scdn.co/image/ab6761610000e5eb71c0e657e2c507f83aeb1627,False,77
852,Sia,Snowman,7uoFMmxln0GPXQ0AcCBXRq,77,2018,dance,0.716,0.512,1,-6.257,1,0.0331,0.483,0.0,0.0928,0.326,104.957,165907,3,30541347,82,https://i.scdn.co/image/ab6761610000e5eb64db06dfda27bb045bc1c2f5,False,77
853,Marshmello,FRIENDS,08bNPGLD8AhKpnnERrAc6G,77,2018,dance,0.626,0.88,9,-2.384,0,0.0504,0.205,0.0,0.128,0.534,95.079,202621,4,34476607,80,https://i.scdn.co/image/ab6761610000e5eb3b2498dc8a8c6eceed0a2db3,True,17
854,Ali Gatie,It's You,5DqdesEfbRyOlSS3Tf6c29,77,2019,hip-hop,0.732,0.463,11,-6.972,0,0.0287,0.374,0.0,0.194,0.397,95.971,212607,4,2174956,64,https://i.scdn.co/image/ab6761610000e5eb528642fef307039a5358e3c0,False,75
855,Diplo,Heartless (feat. Morgan Wallen),3FU6urUVsgXa6RBuV2PdRk,77,2020,dance,0.765,0.556,11,-6.417,1,0.0512,0.275,0.0,0.0824,0.274,111.033,169227,4,2812337,77,https://i.scdn.co/image/ab6761610000e5ebdf01727aa674ddefa777797a,True,73
856,Rvssian,Nostálgico,2BEcap3xJtmiPaHKyfQi4e,77,2021,hip-hop,0.734,0.846,9,-3.425,0,0.0489,0.166,1.74e-06,0.235,0.604,98.026,209884,4,2726588,71,https://i.scdn.co/image/ab6761610000e5eba1e4324a1f517708d1fd3f98,True,71
857,Doja Cat,Boss Bitch,78qd8dvwea0Gosb6Fe6j3k,77,2020,dance,0.707,0.955,10,-4.593,0,0.222,0.127,0.0,0.202,0.575,125.989,134240,4,34735147,86,https://i.scdn.co/image/ab6761610000e5eb8a0644455ebfa7d3976f5101,False,74
858,Ludovico Einaudi,Experience,1BncfTJAWxrsxyT9culBrj,77,2013,ambient,0.447,0.449,2,-10.634,1,0.0376,0.934,0.961,0.0697,0.036,92.468,315427,4,3992781,77,https://i.scdn.co/image/ab6761610000e5eb86008946f7c35b22282d7e8c,False,77
859,Joel Corry,Head & Heart (feat. MNEK),6cx06DFPPHchuUAcTxznu9,77,2020,dance,0.734,0.874,8,-3.158,1,0.0662,0.168,1.14e-05,0.0489,0.905,122.953,166028,4,470317,66,https://i.scdn.co/image/ab6761610000e5eb55cb9c8f81fcf4d31d3e29dc,False,75
860,Daddy Yankee,Con Calma,5w9c2J52mkdntKOmRLeM2m,77,2019,hip-hop,0.737,0.86,8,-2.652,0,0.0593,0.11,1.94e-06,0.0574,0.656,93.989,193227,4,37808808,85,https://i.scdn.co/image/ab6761610000e5eb9a6918fd0b2fd675d63c675d,False,78
861,P!nk,Never Gonna Not Dance Again,6sZo5nJIsFWXefRCCexpx0,77,2022,dance,0.668,0.802,5,-4.005,0,0.0917,0.0273,0.0,0.163,0.769,113.796,225789,4,18203604,78,https://i.scdn.co/image/ab6761610000e5eb7bbad89a61061304ec842588,True,62
862,J. Cole,m y . l i f e (with 21 Savage & Morray),1D3z6HTiQsNmZxjl7F7eoG,77,2021,hip-hop,0.597,0.587,7,-7.026,0,0.137,0.0622,0.0,0.214,0.0753,140.021,218802,4,27069939,82,https://i.scdn.co/image/ab6761610000e5eb4b053c29fd4b317ff825f0dc,True,71
863,Fall Out Boy,Thnks fr th Mmrs,3Zwu2K0Qa5sT6teCCHPShP,77,2007,emo,0.459,0.891,10,-5.057,0,0.0623,0.00511,0.0,0.106,0.588,154.837,203507,4,11414215,77,https://i.scdn.co/image/ab6761610000e5eb362011ebe6064c38e97e9aac,False,78
864,The Weeknd,Sacrifice,1nH2PkJL1XoUq8oE6tBZoU,77,2022,pop,0.735,0.795,11,-6.523,0,0.113,0.0296,3.18e-05,0.0678,0.905,122.0,188918,4,112918137,93,https://i.scdn.co/image/ab6761610000e5eb9e528993a2820267b97f6aae,True,70
865,Rae Sremmurd,This Could Be Us,4jTiyLlOJVJj3mCr7yfPQD,77,2015,hip-hop,0.732,0.69,0,-4.992,0,0.134,0.291,0.0,0.116,0.758,143.072,206307,4,7766631,69,https://i.scdn.co/image/ab6761610000e5ebca1568791bf7ac0cf34dbc66,True,76
866,$uicideboy$,Kill Yourself (Part III),0kEZlJh4mK1QRfb3CT5LPk,77,2015,hip-hop,0.753,0.68,5,-7.092,0,0.0349,0.326,4.15e-05,0.423,0.192,105.977,145078,4,8957416,83,https://i.scdn.co/image/ab6761610000e5ebc4817922f21a5f2a36e12bf2,True,75
867,Junior H,Ella,0tKl8ZVM6xJkhznvJAS3Nq,77,2019,sad,0.478,0.732,4,-4.342,0,0.0779,0.363,3.34e-06,0.0768,0.664,184.819,259403,3,28178187,87,https://i.scdn.co/image/ab6761610000e5eb5fbe9b7dc7d9a2295bd6022c,False,76
868,NEIKED,Better Days (NEIKED x Mae Muller x Polo G),6f5ExP43esnvdKPddwKXJH,77,2021,dance,0.717,0.671,0,-5.077,0,0.0337,0.0018,2.54e-06,0.0921,0.699,110.054,160657,4,190060,59,https://i.scdn.co/image/ab6761610000e5eba4bf6df5107fe7b721066b97,False,69
869,Troye Sivan,Angel Baby,2m6Ko3CY1qXNNja8AlugNc,77,2021,dance,0.559,0.559,11,-6.425,1,0.0358,0.0145,0.0,0.138,0.338,72.498,220780,4,9463490,72,https://i.scdn.co/image/ab6761610000e5eb26e8cb3ff6fc7744b312811b,False,71
870,Majestic,Rasputin,0b18g3G5spr4ZCkz7Y6Q0Q,77,2021,dance,0.758,0.913,6,-2.926,0,0.113,0.00364,6.92e-05,0.193,0.658,128.04,186210,4,99150,61,https://i.scdn.co/image/ab6761610000e5eb3d63dab3831fe51393595aaf,False,78
871,Shawn Mendes,Summer of Love (Shawn Mendes & Tainy),0z8hI3OPS8ADPWtoCjjLl6,77,2021,dance,0.776,0.808,11,-4.501,1,0.117,0.0297,0.000127,0.103,0.494,123.988,184104,4,45700057,81,https://i.scdn.co/image/ab6761610000e5eb58b4b9419486550f6fda0535,False,67
872,Nicki Minaj,Super Bass,3hlksXnvbKogFdPbpO9vel,77,2010,dance,0.723,0.86,11,-4.357,1,0.203,0.271,4.56e-06,0.598,0.667,126.979,200013,4,34293318,84,https://i.scdn.co/image/ab6761610000e5eb07a50f0a9a8f11e5a1102cbd,True,78
873,Joel Corry,OUT OUT (feat. Charli XCX & Saweetie),6Dy1jexKYriXAVG6evyUTJ,77,2021,dance,0.787,0.833,8,-4.403,1,0.0478,0.018,0.00747,0.0374,0.796,123.97,162604,4,470317,66,https://i.scdn.co/image/ab6761610000e5eb55cb9c8f81fcf4d31d3e29dc,False,70
874,Skrillex,Rumble,1GfBLbAhZUWdseuDqhocmn,77,2023,edm,0.81,0.836,1,-7.721,0,0.0645,0.0515,0.229,0.0598,0.0585,139.979,146571,4,7528679,74,https://i.scdn.co/image/ab6761610000e5ebe32002317387b6d659308a94,False,59
875,SZA,Awkward,2xZ0zfuDTv5LxLhEgD82PG,77,2022,pop,0.618,0.474,5,-12.097,1,0.0789,0.182,0.000122,0.108,0.397,119.999,178000,4,33029522,87,https://i.scdn.co/image/ab6761610000e5ebfd0a9fb6c252a3ba44079acf,True,71
876,Joel Corry,Lionheart (Fearless),5vlzH0ps6WDyb158oFTAb3,77,2022,dance,0.628,0.967,8,-2.43,1,0.0538,0.0217,0.00157,0.336,0.349,125.982,186689,4,470317,66,https://i.scdn.co/image/ab6761610000e5eb55cb9c8f81fcf4d31d3e29dc,False,59
877,Julión Álvarez y su Norteño Banda,Fuentes De Ortiz,3pPzYqVcgUvaPBwUpjc90j,77,2022,sad,0.825,0.481,10,-6.404,1,0.0372,0.392,0.0,0.0971,0.961,119.985,213333,4,11196959,79,https://i.scdn.co/image/ab6761610000e5ebc8e4ae1dad1347ca2cfa8a30,False,67
878,Alesso,When I’m Gone (with Katy Perry),5902W4uHWzhtOff1UK7the,77,2021,dance,0.685,0.886,0,-4.179,1,0.034,0.028,0.0,0.481,0.615,125.034,161267,4,4034025,72,https://i.scdn.co/image/ab6761610000e5eb2828484ea968409a0ea584a6,False,65
879,Luke Combs,Forever After All,6IBcOGPsniK3Pso1wHIhew,77,2020,country,0.487,0.65,0,-5.195,1,0.0253,0.191,0.0,0.0933,0.456,151.964,232533,4,13397845,83,https://i.scdn.co/image/ab6761610000e5eb584e28452f46640852c2aed4,False,79
880,Junior H,Como Jordan,2q7DY7bBua9e9Aygmz8XmB,77,2022,sad,0.714,0.873,6,-2.39,0,0.0311,0.028,0.0,0.191,0.628,112.503,225152,3,28178187,87,https://i.scdn.co/image/ab6761610000e5eb5fbe9b7dc7d9a2295bd6022c,False,72
881,Jesse & Joy,Dueles,1iRvhKiXRElIH2Uf4gd95P,77,2015,pop,0.531,0.834,2,-3.944,1,0.052,0.277,0.0,0.131,0.526,142.026,247640,4,9857467,76,https://i.scdn.co/image/ab6761610000e5eb16c5bbc9a44625f04a4c8796,False,79
882,Doja Cat,Ain't Shit,5lAnYvAIkSDNXqfo7DyFUm,77,2021,dance,0.855,0.488,3,-4.601,1,0.208,0.506,0.0,0.347,0.619,124.097,174253,4,34735147,86,https://i.scdn.co/image/ab6761610000e5eb8a0644455ebfa7d3976f5101,True,75
883,Olivia Rodrigo,brutal,6SRsiMl7w1USE4mFqrOhHC,77,2021,pop,0.672,0.526,4,-6.446,1,0.0599,0.0311,1.37e-06,0.28,0.28,123.999,143747,4,49050008,84,https://i.scdn.co/image/ab6761610000e5ebe03a98785f3658f0b6461ec4,True,75
884,Alok,Work With My Love,6PX5CRJFn24G3cypjNO6yw,77,2023,electro,0.618,0.848,6,-4.329,0,0.0574,0.0028,0.000714,0.302,0.639,123.967,150484,4,11247155,76,https://i.scdn.co/image/ab6761610000e5eb6b07a040a57d013a7e49f908,False,59
885,Rihanna,SOS,30cSNer6TV8x2utjULVeQ5,77,2006,pop,0.677,0.671,7,-4.905,1,0.0361,0.004,5.07e-05,0.413,0.527,137.046,238920,4,68997177,90,https://i.scdn.co/image/ab6761610000e5ebcb565a8e684e3be458d329ac,False,78
886,Aaron Smith,Dancin (feat. Luvli) - Krono Remix,6WkJ2OK163XXS2oARUC9JM,77,2014,chicago-house,0.72,0.741,10,-6.529,0,0.0287,0.101,1.41e-05,0.289,0.357,119.896,198053,4,404207,62,https://i.scdn.co/image/ab6761610000e5eba4207d7b55ad6467399d5197,False,76
887,Dean Lewis,Be Alright,3EPXxR3ImUwfayaurPi3cm,77,2018,pop,0.553,0.586,11,-6.319,1,0.0362,0.697,0.0,0.0813,0.443,126.684,196373,4,4153847,75,https://i.scdn.co/image/ab6761610000e5eb5ce36b9598e49901d654947c,True,74
888,Tulus,Monokrom,4GfK1qOF3uBWidbPlTCQRL,77,2016,jazz,0.534,0.462,6,-9.383,1,0.0326,0.573,5.59e-06,0.0974,0.519,88.046,214567,4,19118180,73,https://i.scdn.co/image/ab6761610000e5eb53462891ab7799f2934b568e,False,79
889,The Strokes,The Adults Are Talking,5ruzrDWcT0vuJIOMW7gMnW,77,2020,alt-rock,0.593,0.749,5,-5.67,1,0.0475,0.0113,0.106,0.314,0.649,164.959,309053,4,6444988,74,https://i.scdn.co/image/ab6761610000e5ebc3b137793230f4043feb0089,False,80
890,Taylor Swift,"Would've, Could've, Should've",0aV5uARAknQgYhBaK944FP,77,2022,pop,0.483,0.84,7,-6.508,1,0.119,0.43,0.000575,0.146,0.55,157.979,260362,4,145396321,100,https://i.scdn.co/image/ab6761610000e5ebe2e8e7ff002a4afda1c7147e,False,64
891,Michael Jackson,Beat It,1OOtq8tRnDM8kG2gqUPjAj,77,2008,pop,0.776,0.867,3,-3.704,0,0.0479,0.0495,7.92e-06,0.197,0.918,138.827,258040,4,37417943,84,https://i.scdn.co/image/ab6761610000e5eb997cc9a4aec335d46c9481fd,False,75
892,Rihanna,Take A Bow,3goSVuTt3fDYDP6kRnFwuL,77,2008,pop,0.697,0.467,9,-7.536,1,0.0715,0.248,0.0,0.0941,0.572,82.082,229413,4,68997177,90,https://i.scdn.co/image/ab6761610000e5ebcb565a8e684e3be458d329ac,False,76
893,Grupo Marca Registrada,Solo Me Dejaste,0OLLsFyVPrjI3iL03lDFXk,77,2022,sad,0.609,0.515,7,-9.843,0,0.0486,0.539,0.0839,0.0722,0.853,152.787,186709,3,6208662,76,https://i.scdn.co/image/ab6761610000e5eb9508af8df57e8aeb9ca50aeb,False,33
894,1nonly,Step Back!,6jdwbcH788txYS6Doy1F1j,77,2022,sad,0.783,0.89,1,-5.995,1,0.2,0.185,0.00417,0.0969,0.437,127.996,150675,4,1150774,66,https://i.scdn.co/image/ab6761610000e5eb18a74f45a84009cb1f7e25c6,True,67
895,Grupo Los de la O,Mentiras,3jRZg6U0m9Ir115Wt66ebU,77,2022,sad,0.611,0.723,7,-6.571,1,0.213,0.218,0.0,0.0715,0.669,195.181,234593,3,1734282,61,https://i.scdn.co/image/ab6761610000e5ebaf711802ee1dc99a6726bbd1,False,68
896,Khalid,Better,6zeeWid2sgw4lap2jV61PZ,77,2018,pop,0.596,0.552,0,-10.278,0,0.097,0.0765,0.334,0.104,0.112,97.949,229320,4,16943442,82,https://i.scdn.co/image/ab6761610000e5eb8f77c3eddc1869e9542b04bc,False,70
897,Ivan Cornejo,La Curiosidad,0hnvQLkV7yOjslEzflJSK4,77,2022,sad,0.626,0.454,3,-8.767,0,0.0392,0.729,0.000442,0.159,0.36,123.351,216000,4,5471801,76,https://i.scdn.co/image/ab6761610000e5eb0a052faab8058ca12cd9ff9b,False,73
898,Frank Ocean,Nights,7eqoqGkKwgOaWNNHx90uEZ,77,2016,hip-hop,0.457,0.551,5,-9.36,0,0.167,0.427,1.15e-06,0.113,0.428,89.87,307151,4,20280852,83,https://i.scdn.co/image/ab6761610000e5ebee3123e593174208f9754fab,True,79
899,JID,Surround Sound (feat. 21 Savage & Baby Tate),1udwFobQ1JoOdWPQrp2b6u,77,2022,hip-hop,0.575,0.56,5,-7.302,1,0.478,0.173,0.0,0.257,0.471,75.956,229938,4,2238462,75,https://i.scdn.co/image/ab6761610000e5eb02e4e47e711e07e363ecc6e0,True,77
900,Jason Derulo,Acapulco,3eJH2nAjvNXdmPfBkALiPZ,77,2021,dance,0.774,0.792,10,-4.021,1,0.0523,0.051,0.0,0.155,0.507,122.062,139672,4,12460242,76,https://i.scdn.co/image/ab6761610000e5eb94cf6c87c82ddb0eade61eb0,False,66
901,G. V. Prakash,Vaa Vaathi,0cgwdBXXlPfXJXWf3wMs32,77,2022,pop-film,0.582,0.504,9,-8.423,0,0.05,0.355,0.0,0.86,0.428,90.899,225381,4,16743118,74,https://i.scdn.co/image/ab6761610000e5eb0a5c692089af5c0f9cf839f3,False,63
902,PSY,That That (prod. & feat. SUGA of BTS),7GNRUsU3M4XNDDB9xle5Dz,77,2022,hip-hop,0.905,0.962,4,-3.197,1,0.0856,0.0299,0.0,0.0272,0.906,129.969,174647,4,1819211,62,https://i.scdn.co/image/ab6761610000e5eb24b5185226d5b7c6aa91db5a,False,69
903,TINI,La Triple T,7kYbxvrGXv8cmKjkqgqhrw,77,2022,pop,0.801,0.633,11,-2.785,0,0.0777,0.414,0.0,0.27,0.676,92.025,167674,4,9214236,76,https://i.scdn.co/image/ab6761610000e5eb43f8f52ac55da2d54fc8fdca,False,60
904,Quavo,HOTEL LOBBY (Unc & Phew),4vVjPTApwXZwB2H3mBq3ml,77,2022,hip-hop,0.825,0.649,11,-4.297,1,0.169,0.117,0.0,0.232,0.143,127.978,142657,4,8079123,76,https://i.scdn.co/image/ab6761610000e5ebd52229f479361a2375f6021c,True,69
905,Gorillaz,Rhinestone Eyes,1foMv2HQwfQ2vntFf9HFeG,77,2010,hip-hop,0.676,0.703,8,-5.815,0,0.0302,0.0869,0.000687,0.0463,0.852,92.761,200173,4,14498388,82,https://i.scdn.co/image/ab6761610000e5ebdd5b57b40cf2aaeccd07835e,False,79
906,Dayglow,Can I Call You Tonight?,61OJxhoY3Ix50rYVKo8zRK,77,2019,rock,0.641,0.842,9,-7.27,1,0.0292,0.134,0.911,0.419,0.499,129.978,278769,4,1066852,61,https://i.scdn.co/image/ab6761610000e5eb70bbb7950edf20fc5847de6c,False,75
907,Daddy Yankee,X ÚLTIMA VEZ,48AJSd42lXpicsGqcgopof,77,2022,hip-hop,0.812,0.855,7,-3.725,1,0.0554,0.0789,0.000167,0.108,0.573,90.04,192477,4,37808808,85,https://i.scdn.co/image/ab6761610000e5eb9a6918fd0b2fd675d63c675d,True,66
908,Maria Becerra,LA NENA DE ARGENTINA,0Dl34Kegtc0y0m0oPhQfiI,77,2022,pop,0.531,0.58,5,-4.688,0,0.188,0.0984,0.000201,0.101,0.887,169.865,151988,4,8251969,76,https://i.scdn.co/image/ab6761610000e5ebe6b7917e55849c7cae69edb6,True,55
909,Alessia Cara,Scars To Your Beautiful,0wI7QkCcs8FUQE1OkXUIqd,77,2015,electro,0.573,0.739,0,-5.74,1,0.129,0.0285,0.0,0.111,0.451,97.085,230240,4,12274170,72,https://i.scdn.co/image/ab6761610000e5eb6cde43f126518af0ef8eddc2,False,78
910,Andra & The Backbone,Sempurna,2UgCs0i0rNHUH2jKE5NZHE,77,2006,pop,0.358,0.32,4,-9.946,1,0.0308,0.726,0.0,0.105,0.384,115.499,268423,3,2308201,61,https://i.scdn.co/image/ab67616d0000b2730df7dec70511dd4f2e69dc34,False,77
911,blackbear,idfc,3SErMoIKdRELto2OspGs5L,77,2015,electro,0.718,0.422,4,-9.115,0,0.0621,0.0764,0.0,0.17,0.455,144.678,207027,4,5067710,71,https://i.scdn.co/image/ab6761610000e5eb38c694d4c5b98d01bca1e46d,True,69
912,Morat,Cuando Nadie Ve,71iAechwVKGu26pahzFL0k,77,2018,pop,0.806,0.778,1,-4.577,0,0.0616,0.133,0.0,0.218,0.84,95.993,219587,4,13899238,79,https://i.scdn.co/image/ab6761610000e5eb3d53e852b5c27d3bc5aa3439,False,77
913,Melanie Martinez,Pacify Her,360Wr96ywrCQq4kTAJ8Pq6,77,2015,electro,0.576,0.593,9,-6.024,0,0.0306,0.0467,0.000767,0.237,0.373,157.993,220013,4,22219090,75,https://i.scdn.co/image/ab6761610000e5eb77ecd63aaebe2225b07c89f0,False,73
914,Bizarrap,"Villano Antillano: Bzrp Music Sessions, Vol. 51",4hceSKjrkDTO0nMKFcb3sj,77,2022,hip-hop,0.82,0.752,1,-7.635,0,0.0648,0.0584,0.00417,0.628,0.423,127.999,187500,4,18188680,76,https://i.scdn.co/image/ab6761610000e5eb14add0d3419426b84158b913,True,66
915,Karan Aujla,52 Bars,6rFckZb1cuJYzsZiGHgqks,77,2023,hip-hop,0.449,0.779,1,-3.321,0,0.205,0.000898,0.0,0.389,0.433,115.231,214024,3,22391163,81,https://i.scdn.co/image/ab6761610000e5eb8a4c60d0eebe893f72e42979,True,73
916,Måneskin,BABY SAID,2KReCz1L5XkGIBhDncQ5VZ,77,2023,indie-pop,0.622,0.715,6,-4.04,0,0.0323,0.000982,0.0,0.0796,0.607,131.012,164682,4,10636129,76,https://i.scdn.co/image/ab6761610000e5eb46d0db8a86fda630ec12401f,False,71
917,Lorde,Ribs,2MvvoeRt8NcOXWESkxWn3g,77,2013,pop,0.511,0.472,4,-9.277,1,0.091,0.534,0.614,0.11,0.0399,127.978,258969,4,10539134,80,https://i.scdn.co/image/ab6761610000e5ebaa69380a8d5203257611662d,False,84
918,Oliver Tree,Here We Go Again,3WsbAGQt6HgTj9kg6f466M,77,2023,hip-hop,0.552,0.945,8,-3.771,0,0.0561,0.00676,0.000174,0.0556,0.384,130.011,164541,4,2583483,67,https://i.scdn.co/image/ab6761610000e5eb4b245e1bf79a109b7a1876d2,False,51
919,Burna Boy,Alone,0AoBY2Y3qs6dtGgOD6c91N,77,2022,dance,0.6,0.659,4,-7.264,0,0.0542,0.176,0.0,0.111,0.307,89.955,221747,4,14060629,79,https://i.scdn.co/image/ab6761610000e5ebb4e44d0f4e3e47af2cf06f3f,False,68
920,MC Rogerinho,085 - Ao Vivo,7Ht57bh2FwiQLwRH9zqESG,77,2023,funk,0.85,0.655,2,-2.891,0,0.0298,0.211,0.0,0.952,0.797,106.031,163584,4,0,0,https://i.scdn.co/image/ab67616d0000b2731c327c56cb0ab2f6791c236e,True,55
921,Burna Boy,Last Last,5YbPxJwPfrj7uswNwoF1pJ,77,2022,dance,0.795,0.565,3,-4.457,0,0.0948,0.131,0.0,0.0802,0.55,87.925,172342,4,14060629,79,https://i.scdn.co/image/ab6761610000e5ebb4e44d0f4e3e47af2cf06f3f,False,67
922,Diego & Victor Hugo,Beijo de Glicose - Ao Vivo,6gyhp7IcNhTYzwlk8utsgP,77,2022,sertanejo,0.556,0.87,9,-3.738,0,0.101,0.409,0.0,0.896,0.59,100.002,171007,4,3838322,76,https://i.scdn.co/image/ab6761610000e5eb713d2a5853dcb4e8dc06b6c9,False,53
923,NF,MOTTO,3q9PVufz68TRvOao25IMNk,77,2023,hip-hop,0.685,0.882,0,-4.103,0,0.296,0.082,0.0,0.286,0.715,80.283,217272,4,11162039,76,https://i.scdn.co/image/ab6761610000e5eb1cf142a710a2f3d9b7a62da1,False,54
924,Kendrick Lamar,Die Hard,2g6tReTlM2Akp41g0HaeXN,77,2022,hip-hop,0.775,0.736,1,-8.072,0,0.247,0.319,0.00116,0.127,0.362,100.988,239027,4,44577310,89,https://i.scdn.co/image/ab6761610000e5eb39ba6dcd4355c03de0b50918,True,74
925,Jasleen Royal,"Ranjha (From ""Shershaah"")",72zHuDxFQTjbL51qJQSA7j,77,2021,indian,0.603,0.573,1,-5.843,1,0.0502,0.478,0.0,0.0971,0.236,82.941,228855,4,3650713,69,https://i.scdn.co/image/ab6761610000e5eb852737800de564b2c0efe165,False,75
926,XXXTENTACION,changes,7AFASza1mXqntmGtbxXprO,77,2018,emo,0.669,0.308,11,-10.068,1,0.029,0.883,0.0,0.0984,0.52,64.934,121887,4,51710210,83,https://i.scdn.co/image/ab6761610000e5ebf0c20db5ef6c6fbe5135d2e4,False,73
927,Conan Gray,Family Line,0iNZGC211wst3VjtobNnC5,76,2022,pop,0.326,0.397,6,-8.145,1,0.0461,0.619,0.0,0.0979,0.276,153.713,216095,3,12425448,79,https://i.scdn.co/image/ab6761610000e5eb4c2b62d4748524454a6f99b0,False,75
928,Morgan Wallen,I Deserve A Drink,7u2iWRkkz8GBYFe4apxVBl,76,2023,country,0.475,0.606,5,-4.906,1,0.03,0.0995,0.0171,0.0931,0.303,123.009,206138,3,13992482,88,https://i.scdn.co/image/ab6761610000e5eb4245b1652fcc23f2b76ccd07,False,21
929,Morgan Wallen,Me + All Your Reasons,68eDGmSTQgxJde9JTG7b71,76,2023,country,0.504,0.827,5,-5.48,1,0.0375,0.205,0.0,0.355,0.424,146.14,174741,4,13992482,88,https://i.scdn.co/image/ab6761610000e5eb4245b1652fcc23f2b76ccd07,False,22
930,Morgan Wallen,Single Than She Was,12BjylmI6NS7ydikIzbuD0,76,2023,country,0.664,0.649,6,-5.946,1,0.0252,0.00761,1.01e-05,0.179,0.68,113.087,158226,4,13992482,88,https://i.scdn.co/image/ab6761610000e5eb4245b1652fcc23f2b76ccd07,False,18
931,Jonas Brothers,Wings,4l61TlfmTwxt7PdzEe28rz,76,2023,dance,0.371,0.714,5,-5.455,0,0.145,0.127,0.0,0.12,0.325,181.367,118994,3,7761454,75,https://i.scdn.co/image/ab6761610000e5eb9139f9139ae3eb6d4cbb1c17,False,45
932,Usher,My Boo,68vgtRHr7iZHpzGpon6Jlo,76,2004,dance,0.662,0.507,5,-8.238,1,0.118,0.257,0.0,0.0465,0.676,86.412,223440,4,13749886,80,https://i.scdn.co/image/ab6761610000e5eb716114797a4a644c67c5fa72,False,80
933,Kelsea Ballerini,Mountain With A View,2fBvSCdG3lDjImqJvnYtvq,76,2023,country,0.436,0.434,10,-7.153,1,0.0502,0.679,0.0,0.419,0.447,117.836,177920,4,1337454,66,https://i.scdn.co/image/ab6761610000e5ebb66b3897322ef6750b37afb4,False,49
934,"Tyler, The Creator","GONE, GONE / THANK YOU",1hz7SRTGUNAtIQ46qiNv2p,76,2019,hip-hop,0.518,0.492,10,-8.436,0,0.193,0.216,0.0012,0.146,0.471,78.848,375387,4,24420596,86,https://i.scdn.co/image/ab6761610000e5ebdf2728294ff77dd11eeb18fb,True,74
935,Snoop Dogg,"Young, Wild & Free (feat. Bruno Mars)",5HQVUIKwCEXpe7JIHyY734,76,2011,funk,0.715,0.655,0,-6.425,1,0.137,0.0525,0.0,0.115,0.531,95.078,207333,4,15689568,80,https://i.scdn.co/image/ab6761610000e5ebc19a88576ebe6fcbb325c297,True,74
936,Cigarettes After Sex,Cry,0Qr61NXlyAeQaADO5xn3rI,76,2019,ambient,0.409,0.399,7,-10.456,1,0.0275,0.763,0.654,0.112,0.161,142.823,256800,4,17365648,83,https://i.scdn.co/image/ab6761610000e5eb1c312be98c615df97ea79a30,False,2
937,Drake,Money In The Grave (Drake ft. Rick Ross),5ry2OE6R2zPQFDO85XkgRb,76,2019,hip-hop,0.831,0.502,10,-4.045,0,0.046,0.101,0.0,0.122,0.101,100.541,205427,4,103039388,95,https://i.scdn.co/image/ab6761610000e5eb4293385d324db8558179afd9,True,73
938,Morgan Wallen,F150-50,77kye8TttXpEbvgoiVjZdo,76,2023,country,0.541,0.754,7,-5.453,1,0.0276,0.0653,0.0,0.109,0.37,90.904,191635,4,13992482,88,https://i.scdn.co/image/ab6761610000e5eb4245b1652fcc23f2b76ccd07,False,19
939,Meghan Trainor,Mother,69ZzhvHnSSnzMO8SMYEJWb,76,2023,dance,0.751,0.661,9,-6.131,1,0.0871,0.124,0.0,0.456,0.761,120.052,147481,4,15744271,73,https://i.scdn.co/image/ab6761610000e5eb365984489dac7a79eac204e3,True,54
940,6ix9ine,MALA,4epHhc2lvhFYzMlKA23O3G,76,2018,emo,0.72,0.825,5,-3.627,0,0.0424,0.689,0.0,0.103,0.789,100.008,206550,4,6947311,69,https://i.scdn.co/image/ab6761610000e5ebf2ce0f1899ab2bf14a4eb286,True,1
941,Mimi Webb,Red Flags,2r7BOWS3bEYjEUbLiH8kVM,76,2023,dance,0.841,0.65,8,-5.627,1,0.131,0.021,4.15e-06,0.0694,0.748,129.979,141972,4,388025,57,https://i.scdn.co/image/ab6761610000e5ebf9ebc4049116c65306ec0449,False,49
942,Shubh,Elevated,2AilvPt1AQ8PixlCKqkjfj,76,2021,hip-hop,0.828,0.533,6,-5.779,0,0.091,0.214,2.8e-05,0.307,0.605,93.021,200659,4,9948204,75,https://i.scdn.co/image/ab6761610000e5eb4490e20daec093c04ede38c6,True,69
943,XXXTENTACION,the remedy for a broken heart (why am I so in love),4UKCKdYiLN6IMA5ZESUTL7,76,2018,emo,0.699,0.304,1,-11.192,1,0.0993,0.779,0.000993,0.137,0.271,119.705,160184,4,51710210,83,https://i.scdn.co/image/ab6761610000e5ebf0c20db5ef6c6fbe5135d2e4,True,72
944,Calvin Harris,My Way,1vvNmPOiUuyCbgWmtc6yfm,76,2016,dance,0.818,0.913,4,-3.06,0,0.0426,0.093,3.69e-05,0.161,0.536,119.986,219160,4,23078238,84,https://i.scdn.co/image/ab6761610000e5eb1e4bcd2bef1896648762dd6b,False,73
945,Morgan Wallen,In The Bible (feat. HARDY),2aw1aEAxMe05MZIS5XiK8U,76,2023,country,0.488,0.806,1,-4.451,1,0.0291,0.0119,6.02e-06,0.111,0.509,77.014,195326,4,13992482,88,https://i.scdn.co/image/ab6761610000e5eb4245b1652fcc23f2b76ccd07,False,18
946,Vulgo FK,Meca Cereja,52kcarcX0FQ6wPulXm2bMJ,76,2022,funk,0.711,0.53,9,-7.149,0,0.0736,0.535,1.41e-05,0.0834,0.395,124.161,234194,4,1541468,71,https://i.scdn.co/image/ab6761610000e5ebf62eaaca80568d47644f3255,True,67
947,Jeremy Zucker,comethru,18uwL0vNUanqZH0ro2QcOP,76,2018,electro,0.795,0.178,0,-11.991,1,0.0574,0.607,0.0,0.623,0.608,93.982,181613,4,2359204,65,https://i.scdn.co/image/ab6761610000e5eb1d3f755fce4073e3fbae9437,False,72
948,Feid,Le Pido a DIOS,4TFNKnMWjcMWzpkSwQrrcu,76,2022,pop,0.626,0.597,3,-5.094,0,0.0991,0.0167,6.2e-06,0.109,0.883,174.958,165880,4,18885687,86,https://i.scdn.co/image/ab6761610000e5eb600ee3d2a14da8d038fa7bbf,True,69
949,Feid,Si Te La Encuentras Por Ahí,02jLfqc9gMo8PkHEGHY3OT,76,2022,pop,0.743,0.576,8,-3.552,0,0.076,0.151,5.87e-05,0.128,0.455,171.945,191573,4,18885687,86,https://i.scdn.co/image/ab6761610000e5eb600ee3d2a14da8d038fa7bbf,False,60
950,Billie Eilish,bellyache,51NFxnQvaosfDDutk0tams,76,2017,electro,0.695,0.573,4,-8.597,0,0.106,0.46,0.0734,0.482,0.408,99.939,179172,4,118692183,90,https://i.scdn.co/image/ab6761610000e5eb4a21b4760d2ecb7b0dcdc8da,False,76
951,Matheus & Kauan,Basiquinho - Ao Vivo,2HMbGPbGiqGaHXzFkQAmZI,76,2022,sertanejo,0.504,0.827,1,-2.948,1,0.115,0.353,0.0,0.101,0.737,75.96,164384,4,13031657,78,https://i.scdn.co/image/ab6761610000e5ebd73644778d6848a6a8fd381b,False,55
952,Bruno & Denner,Cavalo de Pau,74Le949TrZk4zwDjtWzH23,76,2022,sertanejo,0.728,0.707,7,-4.289,1,0.0328,0.332,0.0,0.462,0.657,126.973,164029,4,131945,51,https://i.scdn.co/image/ab6761610000e5eb3f5fc029fb3078a7c1cc0f22,False,56
953,Chris Brown,Forever,3NZJlJemX3mzjf56MqC5ML,76,2008,dance,0.672,0.82,11,-4.456,1,0.0459,0.0368,0.000188,0.184,0.438,120.005,278573,4,28305692,87,https://i.scdn.co/image/ab6761610000e5eba48397e590a1c70e2cda7728,False,81
954,Henrique & Juliano,Evento Cancelado - Ao Vivo,11fqunD6qlOCrRd88kMOk6,76,2022,sertanejo,0.584,0.592,2,-4.904,0,0.0316,0.505,0.0,0.515,0.395,92.035,183244,3,29996145,85,https://i.scdn.co/image/ab6761610000e5eb30f0dc81183daaee971c2601,False,67
955,Gusttavo Lima,Cara da Derrota - Ao Vivo,2bWVxK5GlPtS4D3FcLjGgQ,76,2022,sertanejo,0.778,0.804,7,-4.386,1,0.0412,0.462,0.0,0.834,0.605,122.074,161803,4,23319109,78,https://i.scdn.co/image/ab6761610000e5eb08cacf062848b7318679b1b4,False,55
956,Calvin Harris,How Deep Is Your Love,22mek4IiqubGD9ctzxc69s,76,2015,edm,0.738,0.868,11,-4.373,0,0.0731,0.0392,0.00169,0.388,0.336,122.003,212640,4,23078238,84,https://i.scdn.co/image/ab6761610000e5eb1e4bcd2bef1896648762dd6b,False,76
957,Peso Pluma,Delivery,1ZxJvq28DUmAFZxt9lU7n6,76,2022,sad,0.699,0.58,11,-6.753,0,0.527,0.283,0.0,0.0926,0.706,83.759,209736,4,23945513,86,https://i.scdn.co/image/ab6761610000e5ebe5283f5b671cf618b82a2696,True,63
958,P!nk,Raise Your Glass,1gv4xPanImH17bKZ9rOveR,76,2010,dance,0.7,0.709,7,-5.006,1,0.0838,0.0048,0.0,0.029,0.624,122.019,202960,4,18203604,78,https://i.scdn.co/image/ab6761610000e5eb7bbad89a61061304ec842588,True,75
959,Gerardo Coronel,Te Felicito,5IR7Ecj0Ue1xufcOn6AUP1,76,2022,sad,0.478,0.384,0,-5.03,1,0.0433,0.672,0.0,0.13,0.548,77.022,224524,4,1798150,64,https://i.scdn.co/image/ab6761610000e5eb1649ba4ccf368e9b6d05053b,True,59
960,Daddy Yankee,Tu Príncipe,2FNqnsX74ZlwduUAcnmzee,76,2004,hip-hop,0.77,0.804,4,-5.479,1,0.0623,0.16,1e-05,0.193,0.568,94.017,205520,4,37808808,85,https://i.scdn.co/image/ab6761610000e5eb9a6918fd0b2fd675d63c675d,False,6
961,Red Velvet,Psycho,3CYH422oy1cZNoo0GTG1TK,76,2019,k-pop,0.664,0.666,8,-2.203,1,0.0446,0.193,0.0,0.0854,0.405,139.987,210560,4,9616438,66,https://i.scdn.co/image/ab6761610000e5eb02a562ea6b1dc718394010ac,False,69
962,Edgardo Nuñez,Te Amo,2r69ZhXm40bzjGIPdRvaqk,76,2022,sad,0.741,0.542,8,-4.726,1,0.0262,0.368,0.0,0.162,0.763,79.998,193621,5,2706011,72,https://i.scdn.co/image/ab6761610000e5eb1be54e53cc184bef7141d9ae,False,0
963,Travis Scott,5% TINT,11kDth1aKUEUMq9r1pqyds,76,2018,house,0.712,0.481,4,-5.415,0,0.0487,0.173,0.0,0.241,0.062,140.0,196138,4,41107596,89,https://i.scdn.co/image/ab6761610000e5eb19c2790744c792d05570bb71,True,74
964,Travis Scott,CAN'T SAY,27a1mYSG5tYg7dmEjWBcmL,76,2018,house,0.702,0.708,10,-5.366,0,0.0547,0.201,0.0,0.118,0.713,147.98,198408,4,41107596,89,https://i.scdn.co/image/ab6761610000e5eb19c2790744c792d05570bb71,True,77
965,MC Cabelinho,X1,0dcHD9QhnWRA41zoLnC83X,76,2021,funk,0.579,0.804,8,-5.024,1,0.0581,0.457,0.0,0.136,0.546,183.075,188852,3,9773241,73,https://i.scdn.co/image/ab6761610000e5eb89347b9c5c47c75ee7595198,True,66
966,Fuerza Regida,Modo Maldito,2VmeNiaRsq0Z2gcMcQvHb8,76,2022,sad,0.763,0.767,5,-4.181,0,0.201,0.4,0.0,0.127,0.725,87.502,134624,3,19735177,89,https://i.scdn.co/image/ab6761610000e5eb158a3d24a31166b983e26325,True,69
967,Lil Peep,Save That Shit,64PgpLHuQK3UJ5qZ875Vei,76,2017,emo,0.534,0.583,2,-8.672,1,0.0288,0.0262,0.0,0.421,0.145,106.0,231547,4,15684530,82,https://i.scdn.co/image/ab6761610000e5eb3d9d59e200e82fa53d8781a1,True,1
968,Feid,La Pasamos CXBRXN,672zDo2nzWSoIIQ7zD5kuj,76,2022,pop,0.785,0.734,6,-4.686,1,0.0778,0.117,1.13e-06,0.185,0.561,94.049,228640,4,18885687,86,https://i.scdn.co/image/ab6761610000e5eb600ee3d2a14da8d038fa7bbf,True,57
969,Lasso,Ojos Marrones - Con Sebastián Yatra,2GQclWZHwE4fMdqShvOPWU,76,2022,pop,0.787,0.662,8,-4.285,0,0.0372,0.0648,0.0,0.133,0.79,119.983,198880,4,1104063,65,https://i.scdn.co/image/ab6761610000e5eb86adc679ceeaa4faaab3cd82,False,59
970,Piso 21,Los Cachos,5fhcuVxuBWfgNXGuyAtLmr,76,2022,pop,0.774,0.73,0,-3.865,1,0.134,0.108,0.0,0.194,0.421,91.966,212304,4,9615997,72,https://i.scdn.co/image/ab6761610000e5eb9b3298d4e296defddfe37503,False,59
971,Harry Styles,Cinema,35TyJIMR3xRouUuo2sjS6v,76,2022,pop,0.829,0.644,9,-7.696,0,0.0427,0.354,0.0511,0.0944,0.896,105.993,243508,4,34130771,80,https://i.scdn.co/image/ab6761610000e5ebf7db7c8ede90a019c54590bb,False,66
972,Morgan Wallen,Keith Whitley,1vcJdUJDM2NVXBsGncmLyh,76,2023,country,0.322,0.693,6,-4.366,1,0.0281,0.0884,0.000316,0.0853,0.228,83.233,187519,4,13992482,88,https://i.scdn.co/image/ab6761610000e5eb4245b1652fcc23f2b76ccd07,False,16
973,DJ Cayoo,Sorrisin De Puto,2X5o4nRiocnoaaQ2wMwaeC,76,2022,funk,0.876,0.563,8,-0.797,0,0.239,0.541,0.0,0.348,0.763,86.649,106154,5,97611,56,https://i.scdn.co/image/ab6761610000e5eb15e4b1bf6435b56f00e5c40a,True,57
974,BLACKPINK,As If It's Your Last,4ZxOuNHhpyOj4gv52MtQpT,76,2017,k-pop,0.786,0.852,8,-2.687,1,0.0813,0.0687,0.0,0.0759,0.455,125.036,213264,4,56140946,81,https://i.scdn.co/image/ab6761610000e5eb9b57f5eccf180a0049be84b3,False,76
975,MC Cabelinho,MINHA CURA,3YQvZNmRc2y1hgdvustkce,76,2022,funk,0.656,0.393,2,-8.503,0,0.0469,0.831,0.0,0.176,0.817,134.73,154694,4,9773241,73,https://i.scdn.co/image/ab6761610000e5eb89347b9c5c47c75ee7595198,True,59
976,Ana Castela,Pipoco,7AwVSKaQxpidrtYBerkHKk,76,2022,funk,0.774,0.742,8,-4.178,1,0.0766,0.473,0.000472,0.342,0.736,134.991,194023,4,9480738,78,https://i.scdn.co/image/ab6761610000e5ebdc6d680133ed9811b032d8b5,False,62
977,Harry Styles,Grapejuice,4j6kId9QIqhoXvqHKgSKa0,76,2022,pop,0.645,0.721,5,-4.394,1,0.0336,0.357,0.143,0.204,0.88,182.928,191959,4,34130771,80,https://i.scdn.co/image/ab6761610000e5ebf7db7c8ede90a019c54590bb,False,65
978,Lil Nas X,Old Town Road - Remix,2YpeDb67231RjR0MgVLzsG,76,2019,hip-hop,0.878,0.619,6,-5.56,1,0.102,0.0533,0.0,0.113,0.639,136.041,157067,4,12310527,71,https://i.scdn.co/image/ab6761610000e5eb3758a33e782b46bd7f174e1d,False,76
979,Harry Styles,Daydreaming,69w5X6uTrOaWM32IetSzvO,76,2022,pop,0.707,0.811,4,-5.298,0,0.0304,0.311,0.0152,0.131,0.899,113.971,187342,4,34130771,80,https://i.scdn.co/image/ab6761610000e5ebf7db7c8ede90a019c54590bb,False,65
980,Tainy,Adicto (with Anuel AA & Ozuna),3jbT1Y5MoPwEIpZndDDwVq,76,2019,hip-hop,0.734,0.836,10,-4.803,0,0.0735,0.017,1.64e-05,0.179,0.623,80.002,270741,4,3381891,77,https://i.scdn.co/image/ab6761610000e5eba0d42a558309507a6a3b3311,False,77
981,Shubh,We Rollin,6ZYxNjuAU9Vy3VtF6W1dtE,76,2021,hip-hop,0.82,0.504,4,-9.113,0,0.141,0.261,7e-06,0.104,0.275,85.016,199206,4,9948204,75,https://i.scdn.co/image/ab6761610000e5eb4490e20daec093c04ede38c6,True,68
982,Manuel Turizo,Éxtasis,2X8AGLwb9F0JzJ9zT27a22,76,2022,pop,0.829,0.747,7,-3.511,1,0.149,0.276,0.0,0.339,0.576,98.03,191607,4,15711025,81,https://i.scdn.co/image/ab6761610000e5eb2f816f43fda2903966d58bb9,False,55
983,Dave,Location (feat. Burna Boy),3z4CGd63tpUn9a6oQSG0CI,76,2019,hip-hop,0.812,0.496,9,-5.969,0,0.297,0.271,0.0,0.0955,0.55,109.979,241293,4,6589368,79,https://i.scdn.co/image/ab6761610000e5eb2f23c7e361cef62490f44057,True,76
984,Strawberry Guy,Mrs Magic,0TZejo18HlJ86OrWNsXKnw,76,2019,indie-pop,0.471,0.634,8,-7.406,1,0.031,0.159,0.365,0.374,0.366,132.542,208500,4,1251440,68,https://i.scdn.co/image/ab6761610000e5eb9ef984201491d362210c467c,False,79
985,ZAYN,PILLOWTALK,0PDUDa38GO8lMxLCRc4lL1,76,2016,dance,0.584,0.7,11,-4.275,1,0.0456,0.117,0.0,0.0939,0.438,124.944,202747,4,24105967,77,https://i.scdn.co/image/ab6761610000e5eb7a1fba1bb3618ef71355f82a,True,80
986,Clairo,Bubble Gum,3zksbXteOCeSusJ5Xltr3t,76,2019,indie-pop,0.509,0.0167,9,-24.639,1,0.115,0.979,2.72e-05,0.387,0.229,207.97,175961,3,6602735,78,https://i.scdn.co/image/ab6761610000e5eb4804c4a44c85afea1a72d1bd,False,74
987,Labrinth,Still Don't Know My Name,6N22FZs2ZhPBYi3b9XPajV,76,2019,indie-pop,0.316,0.63,5,-5.963,1,0.117,0.471,0.262,0.205,0.313,89.643,153294,1,3634221,73,https://i.scdn.co/image/ab6761610000e5ebe06bc05ace04b055edeeff8d,False,72
988,Calein,Umaasa,4AULw1VRyJP17zMvwgTIUs,76,2019,indie-pop,0.627,0.433,9,-9.868,1,0.0232,0.295,0.393,0.332,0.353,96.016,335625,4,711052,58,https://i.scdn.co/image/ab6761610000e5ebd47ec76036f2542b333d7189,False,75
989,Indila,Tourner Dans Le Vide,1MqzIgGsHP4cNjPboevsfq,76,2014,french,0.594,0.698,6,-8.645,0,0.0428,0.103,0.0,0.173,0.376,119.991,246093,4,2545147,69,https://i.scdn.co/image/ab6761610000e5eb6cd07d169e7e2ec94193a1d2,False,73
990,Sech,Foto En Panty,4HehbhlVK81hZT5Yg7QmiR,76,2022,pop,0.823,0.892,4,-5.306,0,0.119,0.176,0.0,0.495,0.785,100.05,174947,4,12062170,77,https://i.scdn.co/image/ab6761610000e5eb9c70d4207e8fe903509e5b66,True,47
991,Rixton,Me And My Broken Heart,1oew3nFNY3vMacJAsvry0S,76,2014,dance,0.545,0.783,5,-4.261,0,0.0345,0.00489,0.0,0.132,0.551,174.084,193733,4,766863,57,https://i.scdn.co/image/ab6761610000e5eba9add5f319d70026d4f3b8a1,False,75
992,Luke Combs,She Got the Best of Me,698eQRku24PIYPQPHItKlA,76,2018,country,0.533,0.907,11,-3.793,1,0.0406,0.0292,0.0,0.386,0.7,150.99,183160,4,13397845,83,https://i.scdn.co/image/ab6761610000e5eb584e28452f46640852c2aed4,False,77
993,Eminem,Rap God,6or1bKJiZ06IlK0vFvY75k,76,2013,hip-hop,0.708,0.843,7,-2.66,1,0.314,0.397,0.0,0.799,0.625,148.14,363521,4,104517308,88,https://i.scdn.co/image/ab6761610000e5eba00b11c129b27a88fc72f36b,True,74
994,SZA,F2F,2e2AXpIiJpet5b4qg85Gh6,76,2022,pop,0.533,0.74,2,-5.767,1,0.0359,0.089,2.95e-06,0.337,0.465,89.934,185040,4,33029522,87,https://i.scdn.co/image/ab6761610000e5ebfd0a9fb6c252a3ba44079acf,True,67
995,Mitski,First Love/Late Spring,3sslYZcFKtUvIEWN9lADgr,76,2014,indie-pop,0.445,0.543,0,-8.196,1,0.0272,0.000825,0.0137,0.202,0.102,99.963,278640,4,11034315,78,https://i.scdn.co/image/ab6761610000e5eb4bdb3888818637acb71c4a13,False,75
996,Drake,Nice For What,3CA9pLiwRIGtUBiMjbZmRw,76,2018,hip-hop,0.585,0.909,8,-6.474,1,0.0707,0.0891,9.7e-05,0.119,0.758,93.372,210747,4,103039388,95,https://i.scdn.co/image/ab6761610000e5eb4293385d324db8558179afd9,True,77
997,Flo Rida,Wild Ones (feat. Sia),1NpW5kyvO4XrNJ3rnfcNy3,76,2012,dance,0.608,0.86,5,-5.324,0,0.0554,0.0991,0.0,0.262,0.437,127.075,232947,4,8971415,79,https://i.scdn.co/image/ab6761610000e5eb655ca8f3196953554b479452,False,80
998,A$AP Rocky,Sundress,2aPTvyE09vUCRwVvj0I8WK,76,2018,hip-hop,0.721,0.707,6,-6.364,1,0.0595,0.181,3.68e-06,0.143,0.743,125.005,158206,4,17326256,82,https://i.scdn.co/image/ab6761610000e5eb5c58c41a506a0d6b32cc6cad,True,79
999,Estelle,American Boy,6etwirSInfuJrSOlogS6Sh,76,2008,soul,0.693,0.729,0,-2.99,1,0.378,0.171,0.0,0.07,0.521,117.848,284733,4,386136,65,https://i.scdn.co/image/ab6761610000e5eb253991558853fd60bd319a34,True,80
